chain,location,wage,full,part,date
wendys,PA,5,20,20,feb1992
wendys,PA,5.5,6,26,feb1992
burgerking,PA,5,50,35,feb1992
burgerking,PA,5,10,17,feb1992
kfc,PA,5.25,2,8,feb1992
kfc,PA,5,2,10,feb1992
roys,PA,5,2.5,20,feb1992
burgerking,PA,5,40,30,feb1992
burgerking,PA,5,8,27,feb1992
burgerking,PA,5.5,10.5,30,feb1992
burgerking,PA,5,6,9,feb1992
kfc,PA,5.25,5,17.5,feb1992
kfc,PA,5,1,15,feb1992
roys,PA,5,10,6,feb1992
roys,PA,5,20,13,feb1992
roys,PA,5,5,23,feb1992
roys,PA,5,10,12.5,feb1992
roys,PA,5,27,12,feb1992
roys,PA,5,4,28,feb1992
roys,PA,5,10,15,feb1992
wendys,PA,5,0,28,feb1992
roys,PA,5,3,16,feb1992
roys,PA,5,7,16,feb1992
burgerking,PA,4.25,21,9,feb1992
burgerking,PA,4.25,10,20,feb1992
burgerking,PA,4.25,0,27,feb1992
burgerking,PA,4.5,17,4,feb1992
burgerking,PA,4.25,0,24,feb1992
burgerking,PA,4.5,25,15,feb1992
burgerking,PA,4.25,6,20,feb1992
kfc,PA,4.5,6,10,feb1992
kfc,PA,4.25,0,15,feb1992
wendys,PA,4.67,30,10,feb1992
wendys,PA,4.75,8,25,feb1992
wendys,PA,4.25,0,15,feb1992
wendys,PA,4.25,10,20,feb1992
kfc,PA,4.75,2,12,feb1992
burgerking,PA,4.25,20,25,feb1992
burgerking,PA,4.5,20,55,feb1992
burgerking,PA,4.25,15,50,feb1992
burgerking,PA,4.25,1,37.5,feb1992
kfc,PA,4.25,0,9,feb1992
wendys,PA,4.25,30,10,feb1992
wendys,PA,4.25,4,19,feb1992
wendys,PA,4.25,12,20,feb1992
burgerking,PA,4.75,8,18,feb1992
burgerking,PA,4.87,0,25,feb1992
burgerking,PA,4.75,2,21,feb1992
kfc,PA,4.5,1,9,feb1992
roys,PA,4.25,5,20,feb1992
burgerking,PA,4.25,25,20,feb1992
burgerking,PA,4.25,37.5,2,feb1992
burgerking,PA,4.75,5,27,feb1992
burgerking,PA,4.5,25,8,feb1992
burgerking,PA,4.25,6,30,feb1992
burgerking,PA,4.25,8,28,feb1992
burgerking,PA,4.5,32,25,feb1992
kfc,PA,4.5,1,9,feb1992
roys,PA,4.5,2,16,feb1992
wendys,PA,4.75,20,10,feb1992
burgerking,PA,4.25,14,15,feb1992
burgerking,PA,4.75,7.5,14,feb1992
roys,PA,4.75,4,16,feb1992
roys,PA,4.5,5,20,feb1992
roys,PA,4.75,6,22.5,feb1992
burgerking,PA,4.25,2.5,20,feb1992
burgerking,PA,4.35,2,30,feb1992
roys,centralNJ,5,2,2,feb1992
kfc,centralNJ,5.12,10,8,feb1992
burgerking,northNJ,5.56,30,15,feb1992
kfc,centralNJ,5,4,10,feb1992
kfc,northNJ,5,6,4,feb1992
kfc,centralNJ,5.25,4,16,feb1992
roys,northNJ,5,12,20,feb1992
wendys,centralNJ,5.5,8,12,feb1992
roys,northNJ,5,6,50,feb1992
roys,northNJ,5,13,10,feb1992
wendys,northNJ,5,25,13,feb1992
wendys,northNJ,5,8,14.5,feb1992
burgerking,shoreNJ,5.5,7,20,feb1992
burgerking,centralNJ,5,10,6,feb1992
kfc,centralNJ,5,0,25,feb1992
wendys,northNJ,5,4,26,feb1992
kfc,centralNJ,5,6.5,7.5,feb1992
roys,centralNJ,5.25,20,20,feb1992
roys,centralNJ,5.5,15,25,feb1992
wendys,centralNJ,5.05,10,30,feb1992
burgerking,northNJ,5,5,17,feb1992
burgerking,northNJ,5.12,8.5,6.5,feb1992
burgerking,northNJ,5.25,4.5,30,feb1992
burgerking,northNJ,5.12,35,15,feb1992
kfc,northNJ,5,10,5,feb1992
roys,northNJ,5,8,25,feb1992
roys,northNJ,5,12,18,feb1992
roys,northNJ,5,4,30,feb1992
wendys,northNJ,5,20,10,feb1992
burgerking,northNJ,5,12,33,feb1992
burgerking,northNJ,5,10,20,feb1992
roys,shoreNJ,5.62,4,20,feb1992
roys,northNJ,5,5,42,feb1992
wendys,northNJ,5,8,19,feb1992
burgerking,northNJ,5,23,10,feb1992
burgerking,northNJ,5,0,10,feb1992
roys,northNJ,5.1,15,35,feb1992
roys,northNJ,5.25,25,10,feb1992
roys,northNJ,5.5,15,8,feb1992
burgerking,southNJ,5,13,12,feb1992
burgerking,southNJ,5,10,18,feb1992
kfc,southNJ,5,0,13,feb1992
kfc,southNJ,5.05,4,11,feb1992
kfc,southNJ,5.5,0,15,feb1992
kfc,southNJ,5,5,10,feb1992
burgerking,northNJ,5.3,5,16,feb1992
kfc,northNJ,5,3,8,feb1992
kfc,northNJ,5,8,12,feb1992
kfc,shoreNJ,5,5,9,feb1992
kfc,shoreNJ,5,3,14,feb1992
roys,southNJ,5.25,20,46,feb1992
roys,shoreNJ,5.15,18,45,feb1992
wendys,shoreNJ,5.42,4,16,feb1992
burgerking,southNJ,5,10,10,feb1992
roys,southNJ,5,2.5,27,feb1992
wendys,southNJ,5.06,14,7,feb1992
wendys,southNJ,5.05,11.5,10,feb1992
wendys,northNJ,5,4.5,20,feb1992
burgerking,northNJ,5,12,23,feb1992
burgerking,northNJ,5,14,12,feb1992
burgerking,northNJ,5.25,25,10,feb1992
burgerking,northNJ,5,10,8,feb1992
burgerking,northNJ,5,10,20,feb1992
roys,northNJ,5.05,13,31,feb1992
wendys,northNJ,5,12,35,feb1992
wendys,northNJ,5.75,5,10,feb1992
burgerking,northNJ,5,3,60,feb1992
burgerking,centralNJ,4.5,16,30,feb1992
burgerking,centralNJ,4.75,10,6,feb1992
kfc,centralNJ,4.25,6,13,feb1992
roys,centralNJ,4.75,10,12,feb1992
roys,centralNJ,4.5,5,30,feb1992
burgerking,centralNJ,4.37,12,40,feb1992
burgerking,centralNJ,4.25,15,20,feb1992
burgerking,centralNJ,4.25,10,30,feb1992
burgerking,centralNJ,4.37,6.5,23.5,feb1992
kfc,centralNJ,4.5,0,25,feb1992
roys,centralNJ,4.6,3,25,feb1992
roys,centralNJ,4.5,6,22,feb1992
roys,centralNJ,4.37,0,20,feb1992
roys,centralNJ,4.25,15,25,feb1992
burgerking,southNJ,4.25,4,31,feb1992
kfc,southNJ,4.45,5,12,feb1992
roys,southNJ,4.35,3,15,feb1992
burgerking,northNJ,4.5,0,25,feb1992
burgerking,centralNJ,4.75,15,15,feb1992
kfc,northNJ,4.5,0,7,feb1992
roys,northNJ,4.5,10,20.5,feb1992
roys,northNJ,4.95,5,15,feb1992
wendys,northNJ,4.5,25,6.5,feb1992
burgerking,centralNJ,4.25,15,20,feb1992
burgerking,northNJ,4.25,26,6,feb1992
burgerking,northNJ,4.5,20,15,feb1992
burgerking,northNJ,4.25,15,18,feb1992
burgerking,northNJ,4.5,5,15,feb1992
burgerking,northNJ,4.25,30,10,feb1992
burgerking,northNJ,4.25,0,27,feb1992
burgerking,northNJ,4.5,35,20,feb1992
burgerking,northNJ,4.75,0,35,feb1992
kfc,northNJ,4.25,0,7,feb1992
kfc,northNJ,4.25,3,15,feb1992
roys,northNJ,4.25,8,32,feb1992
roys,northNJ,4.5,6,25,feb1992
wendys,northNJ,4.25,4.5,20,feb1992
burgerking,centralNJ,4.5,4,30,feb1992
burgerking,centralNJ,4.25,11,11,feb1992
burgerking,shoreNJ,4.5,0,15,feb1992
burgerking,southNJ,4.25,3,35,feb1992
burgerking,shoreNJ,4.25,8,22,feb1992
burgerking,shoreNJ,4.25,4,18,feb1992
burgerking,northNJ,4.25,2.5,30,feb1992
kfc,centralNJ,4.25,18,3,feb1992
kfc,northNJ,4.25,0,15,feb1992
kfc,centralNJ,4.25,0,12,feb1992
kfc,shoreNJ,4.25,0,20,feb1992
roys,shoreNJ,4.75,60,40,feb1992
roys,shoreNJ,4.75,4.5,15,feb1992
roys,southNJ,4.4,12,13,feb1992
wendys,shoreNJ,4.62,40,20,feb1992
burgerking,northNJ,4.25,0,40,feb1992
burgerking,northNJ,4.25,0,35,feb1992
burgerking,northNJ,4.25,6,11,feb1992
burgerking,northNJ,4.25,13.5,15,feb1992
roys,northNJ,4.25,17,14,feb1992
burgerking,centralNJ,4.75,0,35,feb1992
burgerking,centralNJ,4.75,20,25,feb1992
burgerking,centralNJ,4.25,4,22.5,feb1992
burgerking,northNJ,4.25,10,15,feb1992
burgerking,northNJ,4.75,12,19,feb1992
burgerking,centralNJ,4.5,0,32,feb1992
burgerking,northNJ,4.25,1,38,feb1992
burgerking,centralNJ,4.25,8,10,feb1992
kfc,centralNJ,4.5,15,0,feb1992
roys,centralNJ,4.5,7,25.5,feb1992
roys,centralNJ,4.5,20,20,feb1992
roys,centralNJ,4.75,6,16,feb1992
roys,centralNJ,4.62,5.5,25,feb1992
roys,northNJ,4.25,15,25,feb1992
wendys,centralNJ,4.5,0,40,feb1992
wendys,centralNJ,4.75,10,15,feb1992
wendys,northNJ,4.25,15,35,feb1992
burgerking,northNJ,4.8,8,20,feb1992
burgerking,northNJ,4.5,0,20,feb1992
burgerking,northNJ,4.67,0,27.5,feb1992
burgerking,northNJ,4.87,8,15,feb1992
kfc,northNJ,4.5,2,7,feb1992
kfc,northNJ,4.5,6,12,feb1992
roys,northNJ,4.75,0,40,feb1992
wendys,northNJ,4.75,8,32,feb1992
burgerking,northNJ,4.25,5,20,feb1992
burgerking,shoreNJ,4.25,2,32,feb1992
burgerking,northNJ,4.75,0,24,feb1992
burgerking,northNJ,4.85,6,40,feb1992
burgerking,shoreNJ,4.75,11,20,feb1992
burgerking,northNJ,4.62,15,21,feb1992
kfc,shoreNJ,4.25,13,12,feb1992
kfc,northNJ,4.25,2,12,feb1992
kfc,shoreNJ,4.5,8,3,feb1992
kfc,shoreNJ,4.5,3,15,feb1992
kfc,northNJ,4.62,12,4,feb1992
kfc,shoreNJ,4.5,2,9,feb1992
roys,northNJ,4.75,10,20,feb1992
roys,northNJ,4.75,4,15,feb1992
wendys,northNJ,4.87,20,10,feb1992
wendys,shoreNJ,4.5,1,13,feb1992
wendys,shoreNJ,4.25,0,30,feb1992
kfc,northNJ,4.35,0,12,feb1992
burgerking,northNJ,4.25,0,60,feb1992
burgerking,northNJ,4.5,0,33,feb1992
burgerking,northNJ,4.25,30,14,feb1992
burgerking,northNJ,4.25,9,12,feb1992
burgerking,northNJ,4.25,10,8.5,feb1992
kfc,northNJ,4.75,8,10,feb1992
roys,northNJ,4.62,12,32,feb1992
roys,northNJ,4.25,4,36,feb1992
wendys,northNJ,4.5,0,19,feb1992
burgerking,southNJ,4.5,3,28,feb1992
burgerking,southNJ,4.5,11,17.5,feb1992
burgerking,southNJ,4.55,4.5,20,feb1992
burgerking,southNJ,4.62,2,30,feb1992
burgerking,southNJ,4.5,10,10,feb1992
kfc,southNJ,4.25,2,11,feb1992
kfc,southNJ,4.25,2,13,feb1992
kfc,southNJ,4.35,7,4,feb1992
kfc,southNJ,4.25,3,9,feb1992
kfc,southNJ,4.25,3,15,feb1992
kfc,southNJ,4.6,1,28,feb1992
roys,southNJ,4.25,2,24,feb1992
roys,southNJ,4.75,3,18,feb1992
roys,southNJ,4.75,3,27,feb1992
wendys,southNJ,4.25,0,22,feb1992
wendys,southNJ,4.5,3,28.5,feb1992
burgerking,northNJ,4.5,3,40,feb1992
burgerking,northNJ,4.25,0,25,feb1992
burgerking,northNJ,4.75,18,6,feb1992
burgerking,northNJ,4.65,19,7,feb1992
burgerking,northNJ,4.25,12,11,feb1992
kfc,northNJ,4.75,0,22,feb1992
kfc,northNJ,4.25,15,4,feb1992
roys,northNJ,4.5,7,25,feb1992
roys,northNJ,4.25,12,30,feb1992
wendys,northNJ,4.5,0,40,feb1992
wendys,northNJ,4.75,8,16,feb1992
burgerking,shoreNJ,4.37,6,6,feb1992
kfc,shoreNJ,4.5,1,4,feb1992
roys,southNJ,4.87,7,7,feb1992
burgerking,southNJ,4.25,4,22,feb1992
burgerking,southNJ,4.25,10,20,feb1992
burgerking,southNJ,4.25,7,13,feb1992
burgerking,southNJ,4.25,0,10,feb1992
burgerking,southNJ,4.25,6.5,20,feb1992
kfc,southNJ,4.45,2,10,feb1992
kfc,southNJ,4.62,2,14,feb1992
kfc,southNJ,4.25,4,4,feb1992
kfc,southNJ,4.25,2,15,feb1992
kfc,southNJ,4.25,3,4,feb1992
roys,southNJ,4.5,5,23,feb1992
roys,southNJ,4.75,3,25,feb1992
roys,southNJ,4.75,1,15,feb1992
roys,southNJ,4.5,3,18,feb1992
roys,southNJ,4.75,0,20,feb1992
roys,southNJ,4.25,2,12,feb1992
wendys,southNJ,4.75,8,12,feb1992
wendys,southNJ,4.55,4,20,feb1992
wendys,shoreNJ,4.8,10,15,feb1992
burgerking,northNJ,4.25,9,15,feb1992
roys,northNJ,4.35,10,35,feb1992
roys,northNJ,4.5,10,20,feb1992
roys,northNJ,4.39,0,20,feb1992
roys,northNJ,4.25,17.5,17.5,feb1992
wendys,northNJ,4.25,0,28,feb1992
burgerking,shoreNJ,4.25,4,6,feb1992
burgerking,shoreNJ,4.5,11,9,feb1992
burgerking,shoreNJ,4.62,8,12,feb1992
burgerking,shoreNJ,4.62,15,15,feb1992
burgerking,shoreNJ,4.25,0,8,feb1992
kfc,shoreNJ,4.75,5,7,feb1992
kfc,shoreNJ,4.62,0,11,feb1992
roys,shoreNJ,4.75,8,13,feb1992
roys,shoreNJ,4.5,4,15,feb1992
burgerking,centralNJ,4.25,2,16.5,feb1992
burgerking,southNJ,4.5,28,12,feb1992
burgerking,southNJ,4.87,5,29.5,feb1992
burgerking,southNJ,4.25,18,6,feb1992
burgerking,southNJ,4.25,6,30,feb1992
kfc,southNJ,4.62,2,7,feb1992
kfc,southNJ,4.75,10,6,feb1992
roys,southNJ,4.75,8,9,feb1992
roys,southNJ,4.25,2,27.5,feb1992
burgerking,southNJ,4.25,0,22,feb1992
burgerking,southNJ,4.25,3,25,feb1992
burgerking,southNJ,4.25,6,13,feb1992
kfc,southNJ,4.25,6,13,feb1992
kfc,southNJ,4.25,0,25,feb1992
kfc,southNJ,4.25,3.5,20,feb1992
roys,southNJ,4.5,2,17,feb1992
wendys,southNJ,4.25,0,20,feb1992
burgerking,northNJ,4.85,20,11.5,feb1992
burgerking,northNJ,4.5,4,10,feb1992
burgerking,northNJ,4.25,12,6,feb1992
burgerking,northNJ,4.62,20,12,feb1992
burgerking,northNJ,4.5,10,15,feb1992
burgerking,northNJ,4.5,6,4,feb1992
burgerking,northNJ,4.25,16,14,feb1992
burgerking,northNJ,4.25,0,19,feb1992
kfc,northNJ,4.25,15,5,feb1992
kfc,northNJ,4.62,4,10,feb1992
roys,northNJ,4.87,24,16,feb1992
roys,northNJ,4.25,4,28,feb1992
roys,northNJ,4.75,14,13,feb1992
roys,northNJ,4.87,13,8,feb1992
roys,northNJ,4.5,16,15,feb1992
roys,northNJ,4.25,8,6,feb1992
roys,northNJ,4.75,11,10,feb1992
roys,northNJ,4.32,6,17,feb1992
burgerking,northNJ,4.25,0,35,feb1992
burgerking,northNJ,4.5,0,36,feb1992
kfc,centralNJ,4.5,0,17,feb1992
burgerking,northNJ,4.25,0,36,feb1992
burgerking,northNJ,4.25,0,36,feb1992
burgerking,northNJ,4.25,8,32,feb1992
burgerking,northNJ,4.25,4,28,feb1992
burgerking,northNJ,4.25,30,15,feb1992
kfc,northNJ,4.25,3,10,feb1992
kfc,northNJ,4.62,20,10,feb1992
kfc,northNJ,4.75,0,7,feb1992
kfc,northNJ,4.95,2,10,feb1992
kfc,northNJ,4.75,3.5,6.5,feb1992
roys,northNJ,4.25,3,33,feb1992
wendys,northNJ,4.75,7,8,feb1992
wendys,northNJ,4.62,0,33,feb1992
wendys,PA,5.25,0,36,nov1992
wendys,PA,4.75,28,3,nov1992
burgerking,PA,4.75,15,18,nov1992
burgerking,PA,5,26,9,nov1992
kfc,PA,5,3,12,nov1992
kfc,PA,5,2,9,nov1992
roys,PA,4.75,1,25,nov1992
burgerking,PA,5,9,32,nov1992
burgerking,PA,4.5,7,39,nov1992
burgerking,PA,4.75,18,10,nov1992
burgerking,PA,4.5,5,20,nov1992
kfc,PA,5,15,4,nov1992
kfc,PA,4.75,4,13,nov1992
roys,PA,4.75,6,20,nov1992
roys,PA,4.75,5,15,nov1992
roys,PA,4.25,2,19,nov1992
roys,PA,5,2,18,nov1992
roys,PA,4.9,0,30,nov1992
roys,PA,5,8,20,nov1992
roys,PA,4.75,10,10,nov1992
wendys,PA,5,0,31,nov1992
roys,PA,4.25,5.5,10,nov1992
roys,PA,4.75,5,19,nov1992
burgerking,PA,4.25,6,25,nov1992
burgerking,PA,4.25,7,25,nov1992
burgerking,PA,4.25,0,42,nov1992
burgerking,PA,4.25,0,22,nov1992
burgerking,PA,4.25,11,12,nov1992
burgerking,PA,4.25,0,45,nov1992
burgerking,PA,4.38,7.5,25,nov1992
kfc,PA,4.75,4,20,nov1992
kfc,PA,4.25,6,15,nov1992
wendys,PA,4.5,7,18,nov1992
wendys,PA,4.5,0,28,nov1992
wendys,PA,4.25,0,16,nov1992
wendys,PA,4.25,10,20,nov1992
kfc,PA,4.25,1,14,nov1992
burgerking,PA,4.25,0,48,nov1992
burgerking,PA,5.05,25,10,nov1992
burgerking,PA,4.25,19,29,nov1992
burgerking,PA,4.25,0,32,nov1992
kfc,PA,4.25,2,9,nov1992
wendys,PA,4.25,0,30,nov1992
wendys,PA,4.35,5,20,nov1992
wendys,PA,4.5,10,35,nov1992
burgerking,PA,4.5,8,27,nov1992
burgerking,PA,5,15,15,nov1992
burgerking,PA,4.75,27.5,8,nov1992
kfc,PA,5,0,18,nov1992
roys,PA,4.35,0,20,nov1992
burgerking,PA,4.25,12,23,nov1992
burgerking,PA,4.9,8,25,nov1992
burgerking,PA,4.5,26,15,nov1992
burgerking,PA,4.5,10,16,nov1992
burgerking,PA,4.75,5,30,nov1992
burgerking,PA,6.25,6,20,nov1992
burgerking,PA,4.35,8,30,nov1992
kfc,PA,4.5,4,12,nov1992
roys,PA,4.5,4,15,nov1992
wendys,PA,5,21,5.5,nov1992
burgerking,PA,4.75,30,15,nov1992
burgerking,PA,4.5,35,6.5,nov1992
roys,PA,4.75,3,13,nov1992
roys,PA,4.25,23,16,nov1992
roys,PA,4.91,2,12,nov1992
burgerking,PA,4.4,0,12,nov1992
burgerking,PA,4.25,3,23,nov1992
roys,centralNJ,5.05,5,2,nov1992
kfc,centralNJ,5.05,4,17,nov1992
burgerking,northNJ,5.05,10,20,nov1992
kfc,centralNJ,5.05,0,7,nov1992
kfc,northNJ,5.05,4,3,nov1992
kfc,centralNJ,5.05,6,15,nov1992
roys,northNJ,5.05,6,11,nov1992
wendys,centralNJ,5.05,10,35,nov1992
roys,northNJ,5.05,4,60,nov1992
roys,northNJ,5.05,10,12,nov1992
wendys,northNJ,5.05,0,45,nov1992
wendys,northNJ,5.05,25,8,nov1992
burgerking,shoreNJ,5.05,0,35,nov1992
burgerking,centralNJ,5.5,6,25,nov1992
kfc,centralNJ,5.05,2,20,nov1992
wendys,northNJ,5.05,5,25,nov1992
kfc,centralNJ,5.05,3,16,nov1992
roys,centralNJ,5.05,7,18,nov1992
roys,centralNJ,5.05,8,22,nov1992
wendys,centralNJ,5.05,4,37,nov1992
burgerking,northNJ,5.28,10,8,nov1992
burgerking,northNJ,5.25,6,0,nov1992
burgerking,northNJ,5.05,7.5,30,nov1992
burgerking,northNJ,5.05,12,13.5,nov1992
kfc,northNJ,5.5,12,8,nov1992
roys,northNJ,5.05,26,12,nov1992
roys,northNJ,5.05,1.5,33,nov1992
roys,northNJ,5.05,5,15,nov1992
wendys,northNJ,5.05,10,17,nov1992
burgerking,northNJ,5.05,20,6,nov1992
burgerking,northNJ,5.05,20,20,nov1992
roys,shoreNJ,5.05,5,17.5,nov1992
roys,northNJ,5.05,7,30,nov1992
wendys,northNJ,5.05,0,30,nov1992
burgerking,northNJ,5.05,5,21,nov1992
burgerking,northNJ,5.05,10,4,nov1992
roys,northNJ,5.05,15,15,nov1992
roys,northNJ,5.05,12,10,nov1992
roys,northNJ,5.05,8,12,nov1992
burgerking,southNJ,5.05,15,15,nov1992
burgerking,southNJ,5.05,0,42.5,nov1992
kfc,southNJ,5.05,0,15,nov1992
kfc,southNJ,5.25,2,14,nov1992
kfc,southNJ,5.05,3,7,nov1992
kfc,southNJ,5.05,5,15,nov1992
burgerking,northNJ,5.05,4,9,nov1992
kfc,northNJ,5.05,6,12,nov1992
kfc,northNJ,5.05,2,7,nov1992
kfc,shoreNJ,5.05,4,6,nov1992
kfc,shoreNJ,5.05,4,11,nov1992
roys,southNJ,5.05,22,39,nov1992
roys,shoreNJ,5.05,0,45,nov1992
wendys,shoreNJ,5.67,3,20,nov1992
burgerking,southNJ,5.05,0,20,nov1992
roys,southNJ,5.05,0,20,nov1992
wendys,southNJ,5.05,9,7,nov1992
wendys,southNJ,5.05,0,28,nov1992
wendys,northNJ,5.25,21,6,nov1992
burgerking,northNJ,5.25,11,22,nov1992
burgerking,northNJ,5.05,18,15,nov1992
burgerking,northNJ,5.5,0,25,nov1992
burgerking,northNJ,5.05,20,15,nov1992
burgerking,northNJ,5.05,15,15,nov1992
roys,northNJ,5.05,11,23,nov1992
wendys,northNJ,5.5,17,22,nov1992
wendys,northNJ,5.5,8,7,nov1992
burgerking,northNJ,5.05,0,15,nov1992
burgerking,centralNJ,5.05,20,40,nov1992
burgerking,centralNJ,5.25,7.5,10,nov1992
kfc,centralNJ,5.05,4,7,nov1992
roys,centralNJ,5.05,5,30,nov1992
roys,centralNJ,5.15,10,30,nov1992
burgerking,centralNJ,5.05,0,32,nov1992
burgerking,centralNJ,5.05,15,15,nov1992
burgerking,centralNJ,5.05,12,24,nov1992
burgerking,centralNJ,5.05,15,15,nov1992
kfc,centralNJ,5,2,11,nov1992
roys,centralNJ,5.05,5,20,nov1992
roys,centralNJ,5.05,7,17,nov1992
roys,centralNJ,5.05,4,35,nov1992
roys,centralNJ,5.05,8,38,nov1992
burgerking,southNJ,5.05,6,44,nov1992
kfc,southNJ,5.05,0,11,nov1992
roys,southNJ,5.05,3,15,nov1992
burgerking,northNJ,5.05,14,14,nov1992
burgerking,centralNJ,5.05,15,20,nov1992
kfc,northNJ,5.05,0,13,nov1992
roys,northNJ,5.05,2,25,nov1992
roys,northNJ,5.05,11,7,nov1992
wendys,northNJ,5.05,13,18,nov1992
burgerking,centralNJ,5.05,10,20,nov1992
burgerking,northNJ,5.05,15,10,nov1992
burgerking,northNJ,5.05,13,13,nov1992
burgerking,northNJ,5.05,26,10,nov1992
burgerking,northNJ,5.05,4,17.5,nov1992
burgerking,northNJ,5.05,13,17,nov1992
burgerking,northNJ,5.05,0,27,nov1992
burgerking,northNJ,5.05,10,30,nov1992
burgerking,northNJ,5.05,29,14,nov1992
kfc,northNJ,5.05,14,0,nov1992
kfc,northNJ,5.05,4,11,nov1992
roys,northNJ,5.05,25,15,nov1992
roys,northNJ,5.05,8,18,nov1992
wendys,northNJ,5.05,11,14,nov1992
burgerking,centralNJ,5.05,12,30,nov1992
burgerking,centralNJ,5.05,9,12,nov1992
burgerking,shoreNJ,5.05,0,30,nov1992
burgerking,southNJ,5.05,4,37,nov1992
burgerking,shoreNJ,5.05,0,30,nov1992
burgerking,shoreNJ,5.05,14,6,nov1992
burgerking,northNJ,5.05,5,25,nov1992
kfc,centralNJ,5.05,0,14,nov1992
kfc,northNJ,5.05,0,15,nov1992
kfc,centralNJ,5.05,2.5,11,nov1992
kfc,shoreNJ,5.05,3,13,nov1992
roys,shoreNJ,5.05,30,50,nov1992
roys,shoreNJ,5.05,10,12,nov1992
roys,southNJ,5.05,0,27,nov1992
wendys,shoreNJ,5.05,11,10,nov1992
burgerking,northNJ,5.05,0,45,nov1992
burgerking,northNJ,5.05,2,25,nov1992
burgerking,northNJ,5.05,13.5,10,nov1992
burgerking,northNJ,5.05,11,24,nov1992
roys,northNJ,5.05,20,14.5,nov1992
burgerking,centralNJ,5.25,20,40,nov1992
burgerking,centralNJ,5.05,6,15,nov1992
burgerking,centralNJ,5.05,22,12,nov1992
burgerking,northNJ,5.05,18,20,nov1992
burgerking,northNJ,5.05,18,13,nov1992
burgerking,centralNJ,5.05,0,30,nov1992
burgerking,northNJ,5.05,10,50,nov1992
burgerking,centralNJ,5.05,21,6,nov1992
kfc,centralNJ,5.05,0,15,nov1992
roys,centralNJ,5.05,2,38,nov1992
roys,centralNJ,5.5,15,20,nov1992
roys,centralNJ,5.05,3,20,nov1992
roys,centralNJ,5.05,6,27.5,nov1992
roys,northNJ,5.05,12,30,nov1992
wendys,centralNJ,5.67,5,35,nov1992
wendys,centralNJ,5.05,10,25,nov1992
wendys,northNJ,5.05,40,31,nov1992
burgerking,northNJ,5.05,0,32,nov1992
burgerking,northNJ,5.05,8,10,nov1992
burgerking,northNJ,5.75,12,20,nov1992
burgerking,northNJ,5.05,2,18,nov1992
kfc,northNJ,5.05,3,4,nov1992
kfc,northNJ,5.25,10,5,nov1992
roys,northNJ,5.05,3,30,nov1992
wendys,northNJ,5.05,0,35,nov1992
burgerking,northNJ,5.25,0,32,nov1992
burgerking,shoreNJ,5.05,10,12.5,nov1992
burgerking,northNJ,5.05,7,23,nov1992
burgerking,northNJ,5.05,11,30,nov1992
burgerking,shoreNJ,5.05,20,20,nov1992
burgerking,northNJ,5.05,20,27.5,nov1992
kfc,shoreNJ,5.05,1,10,nov1992
kfc,northNJ,5.05,2,10,nov1992
kfc,shoreNJ,5.05,0,17.5,nov1992
kfc,shoreNJ,5.05,0,15,nov1992
kfc,northNJ,5.05,15,10,nov1992
kfc,shoreNJ,5.05,2,6,nov1992
roys,northNJ,5.05,12,18,nov1992
roys,northNJ,5.05,0,19,nov1992
wendys,northNJ,5.25,4.5,30,nov1992
wendys,shoreNJ,5.05,4,9,nov1992
wendys,shoreNJ,5.05,8,25,nov1992
kfc,northNJ,5.05,11,3,nov1992
burgerking,northNJ,5.05,5,40,nov1992
burgerking,northNJ,5.05,16,22,nov1992
burgerking,northNJ,5.05,13,11,nov1992
burgerking,northNJ,5.05,4,34,nov1992
burgerking,northNJ,5.05,12,13.5,nov1992
kfc,northNJ,5.2,8.5,6,nov1992
roys,northNJ,5.05,5,32,nov1992
roys,northNJ,5.05,6,37,nov1992
wendys,northNJ,5.05,0,14,nov1992
burgerking,southNJ,5.05,2,35,nov1992
burgerking,southNJ,5.05,20,15,nov1992
burgerking,southNJ,5.05,12,17.5,nov1992
burgerking,southNJ,5.05,0,35,nov1992
burgerking,southNJ,5.05,20,10,nov1992
kfc,southNJ,5.05,2,18,nov1992
kfc,southNJ,5.05,0,12,nov1992
kfc,southNJ,5.05,5,3,nov1992
kfc,southNJ,5.05,9,9,nov1992
kfc,southNJ,5.05,3,12,nov1992
kfc,southNJ,5.05,1,15,nov1992
roys,southNJ,5.05,2,15,nov1992
roys,southNJ,5.05,3,20,nov1992
roys,southNJ,5.05,12,25,nov1992
wendys,southNJ,5.3,0,26,nov1992
wendys,southNJ,5.05,11,19,nov1992
burgerking,northNJ,5.5,22,11,nov1992
burgerking,northNJ,5.05,15,17,nov1992
burgerking,northNJ,5.05,18,10,nov1992
burgerking,northNJ,5.05,15,7,nov1992
burgerking,northNJ,5.05,9,17,nov1992
kfc,northNJ,5.05,25,15,nov1992
kfc,northNJ,5.05,0,19,nov1992
roys,northNJ,5.05,7,22,nov1992
roys,northNJ,5.05,16,12,nov1992
wendys,northNJ,5.05,0,40,nov1992
wendys,northNJ,5.05,10,14,nov1992
burgerking,shoreNJ,5.05,10,12,nov1992
kfc,shoreNJ,5.05,2,4,nov1992
roys,southNJ,5.05,4,8,nov1992
burgerking,southNJ,5.05,20,18,nov1992
burgerking,southNJ,5.05,4,26,nov1992
burgerking,southNJ,5.05,0,22.5,nov1992
burgerking,southNJ,5.05,0,23,nov1992
burgerking,southNJ,5.05,30,25,nov1992
kfc,southNJ,5.05,10,3,nov1992
kfc,southNJ,5.05,2,11,nov1992
kfc,southNJ,5.05,1,8,nov1992
kfc,southNJ,5.05,1,14,nov1992
kfc,southNJ,5.05,0,9,nov1992
roys,southNJ,5.05,6,12,nov1992
roys,southNJ,5.05,3,15,nov1992
roys,southNJ,5.05,2,15,nov1992
roys,southNJ,5.05,2,15,nov1992
roys,southNJ,5.05,5,9,nov1992
roys,southNJ,5.05,3,10,nov1992
wendys,southNJ,5.05,0,23,nov1992
wendys,southNJ,5.1,5,16,nov1992
wendys,shoreNJ,5.05,15,11,nov1992
burgerking,northNJ,5.05,15,30,nov1992
roys,northNJ,5.05,12,35,nov1992
roys,northNJ,5.05,10,15,nov1992
roys,northNJ,5.05,5,22,nov1992
roys,northNJ,5.2,25,25,nov1992
wendys,northNJ,5.05,3,23,nov1992
burgerking,shoreNJ,5.05,3,2,nov1992
burgerking,shoreNJ,5.05,0,30,nov1992
burgerking,shoreNJ,5.25,15,6,nov1992
burgerking,shoreNJ,5.05,12,14,nov1992
burgerking,shoreNJ,5.05,4,0,nov1992
kfc,shoreNJ,5.05,7,6,nov1992
kfc,shoreNJ,5.05,22,4,nov1992
roys,shoreNJ,5.05,12,5,nov1992
roys,shoreNJ,5.05,1,15,nov1992
burgerking,centralNJ,5.05,3,20,nov1992
burgerking,southNJ,5.05,10,20,nov1992
burgerking,southNJ,5.05,25,5,nov1992
burgerking,southNJ,5.05,5,9,nov1992
burgerking,southNJ,5.05,15,17,nov1992
kfc,southNJ,5.05,3,7,nov1992
kfc,southNJ,5.05,4,11,nov1992
roys,southNJ,5.05,5,20,nov1992
roys,southNJ,5.05,10,20,nov1992
burgerking,southNJ,5.05,0,26,nov1992
burgerking,southNJ,5.05,5,32,nov1992
burgerking,southNJ,5.05,4,23,nov1992
kfc,southNJ,5.05,24,4,nov1992
kfc,southNJ,5.2,14,7,nov1992
kfc,southNJ,5.05,1,30,nov1992
roys,southNJ,5.05,1,19,nov1992
wendys,southNJ,5.05,0,25,nov1992
burgerking,northNJ,5.05,26,5,nov1992
burgerking,northNJ,5.05,0,17,nov1992
burgerking,northNJ,5.05,11,12,nov1992
burgerking,northNJ,5.05,28,6,nov1992
burgerking,northNJ,5.05,15,14,nov1992
burgerking,northNJ,5.05,7,2,nov1992
burgerking,northNJ,5.05,15,14,nov1992
burgerking,northNJ,5.05,14,10,nov1992
kfc,northNJ,5.05,12,7,nov1992
kfc,northNJ,5.25,18,4,nov1992
roys,northNJ,5.4,8,30,nov1992
roys,northNJ,5.05,6,15,nov1992
roys,northNJ,5.05,25,15,nov1992
roys,northNJ,5.05,18,18,nov1992
roys,northNJ,5.05,8,24,nov1992
roys,northNJ,5.05,5,27,nov1992
roys,northNJ,5.05,17,5,nov1992
roys,northNJ,5.05,1.5,15,nov1992
burgerking,northNJ,5.05,0,35,nov1992
burgerking,northNJ,5.05,4,36,nov1992
kfc,centralNJ,5.05,0,13,nov1992
burgerking,northNJ,5.05,0,20,nov1992
burgerking,northNJ,5.05,13,9,nov1992
burgerking,northNJ,5.05,0,38,nov1992
burgerking,northNJ,5.05,13,17,nov1992
burgerking,northNJ,5.05,0,35,nov1992
kfc,northNJ,5.05,5,5,nov1992
kfc,northNJ,5.05,25,7,nov1992
kfc,northNJ,5.05,5,10,nov1992
kfc,northNJ,5.25,19,3.5,nov1992
kfc,northNJ,5.25,12,3,nov1992
roys,northNJ,5.05,5,25,nov1992
wendys,northNJ,5.05,0,35,nov1992
wendys,northNJ,5.14,10,24,nov1992
