"id","male","funny","hp_job","retouched_pic","group_pic","complete_profile","city","attractive","swipe_right","n_swipe_right"
1,0,3,1,0,0,1,"SF",3,FALSE,0
2,1,1,1,1,0,0,"LA",3,FALSE,0
3,0,2,0,0,1,1,"NYC",10,TRUE,3
4,0,1,0,1,0,0,"SF",2,FALSE,0
5,1,5,1,0,1,0,"LA",6,TRUE,2
6,1,4,1,1,0,0,"SF",5,TRUE,1
7,0,2,0,1,0,1,"NYC",4,FALSE,0
8,0,4,0,0,0,0,"NYC",6,FALSE,0
9,1,5,1,1,1,1,"SF",9,TRUE,6
10,1,3,0,1,0,1,"NYC",10,TRUE,9
11,1,1,0,0,0,0,"LA",5,FALSE,0
12,1,4,1,0,0,1,"SF",3,FALSE,0
13,0,3,0,1,0,1,"LA",9,TRUE,1
14,0,2,0,1,0,1,"NYC",9,TRUE,3
15,1,4,0,0,1,0,"NYC",9,TRUE,6
16,0,1,0,1,1,1,"NYC",3,FALSE,0
17,1,4,1,1,0,1,"NYC",8,TRUE,5
18,0,3,0,0,0,0,"NYC",10,TRUE,5
19,0,1,1,0,0,1,"SF",7,FALSE,0
20,1,2,1,0,1,0,"NYC",10,TRUE,10
21,0,5,0,0,1,1,"LA",9,TRUE,4
22,1,3,1,1,1,0,"NYC",3,FALSE,0
23,0,2,0,1,0,0,"LA",4,FALSE,0
24,0,4,0,1,0,1,"SF",1,FALSE,0
25,0,3,0,0,1,1,"SF",7,FALSE,0
26,0,4,1,1,0,0,"LA",5,FALSE,0
27,1,3,0,1,1,1,"LA",10,TRUE,11
28,1,1,0,1,0,1,"LA",7,TRUE,1
29,1,4,1,1,1,1,"SF",9,TRUE,4
30,0,2,0,0,1,0,"NYC",9,TRUE,1
31,0,4,0,1,0,1,"SF",10,TRUE,8
32,1,1,1,0,0,1,"SF",7,FALSE,0
33,0,4,1,0,1,1,"LA",5,FALSE,0
34,1,4,0,0,0,1,"SF",7,TRUE,3
35,0,3,0,1,0,1,"SF",5,FALSE,0
36,0,1,0,1,0,1,"NYC",6,FALSE,0
37,1,2,1,0,1,0,"NYC",9,TRUE,3
38,0,2,0,0,0,0,"LA",2,FALSE,0
39,1,5,1,1,0,0,"NYC",5,FALSE,0
40,1,4,1,1,1,0,"SF",8,TRUE,3
41,1,3,1,0,1,1,"SF",2,FALSE,0
42,1,1,0,0,1,1,"SF",1,FALSE,0
43,1,1,0,0,1,1,"SF",9,TRUE,4
44,1,5,0,1,1,1,"NYC",9,TRUE,8
45,0,1,0,1,0,0,"NYC",6,FALSE,0
46,0,4,0,0,1,1,"LA",5,FALSE,0
47,1,2,0,1,0,1,"NYC",9,TRUE,5
48,1,3,0,1,0,0,"SF",10,TRUE,6
49,1,4,1,1,0,1,"NYC",4,FALSE,0
50,1,4,1,1,1,1,"NYC",6,TRUE,5
51,1,1,0,0,1,1,"LA",8,TRUE,5
52,1,2,1,0,0,1,"NYC",6,TRUE,1
53,0,4,0,1,1,0,"NYC",6,FALSE,0
54,0,2,0,1,0,1,"NYC",7,TRUE,0
55,1,5,0,1,0,1,"NYC",1,FALSE,0
56,0,3,1,1,1,0,"NYC",6,FALSE,0
57,0,3,0,0,0,0,"SF",2,FALSE,0
58,1,2,1,0,0,1,"NYC",1,FALSE,0
59,0,4,0,0,0,1,"SF",2,FALSE,0
60,1,2,0,0,1,1,"SF",4,FALSE,0
61,0,2,0,0,0,0,"SF",5,FALSE,0
62,1,1,1,1,0,1,"LA",6,TRUE,1
63,0,5,0,0,1,1,"LA",3,FALSE,0
64,1,3,0,0,1,0,"NYC",9,TRUE,4
65,0,5,1,1,1,1,"LA",4,FALSE,0
66,1,4,0,1,1,1,"SF",6,TRUE,1
67,1,3,1,0,0,1,"LA",9,TRUE,6
68,0,1,0,0,1,1,"LA",9,TRUE,1
69,0,2,1,1,0,1,"LA",7,TRUE,0
70,1,3,0,0,1,1,"NYC",3,FALSE,0
71,1,4,0,1,1,1,"NYC",8,TRUE,6
72,0,2,0,1,0,0,"LA",9,TRUE,6
73,1,2,0,1,1,1,"LA",3,FALSE,0
74,1,3,1,0,1,1,"LA",7,TRUE,3
75,0,2,0,0,0,1,"NYC",3,FALSE,0
76,0,3,0,1,0,1,"NYC",7,FALSE,0
77,0,2,0,0,1,0,"NYC",6,FALSE,0
78,1,5,1,0,0,1,"SF",10,TRUE,5
79,1,3,0,0,1,0,"NYC",5,FALSE,0
80,0,4,0,0,0,0,"SF",5,FALSE,0
81,1,2,1,1,1,1,"NYC",8,TRUE,8
82,1,5,0,1,0,1,"LA",3,FALSE,0
83,0,5,1,1,1,0,"NYC",10,TRUE,8
84,0,3,0,1,1,0,"SF",2,FALSE,0
85,1,5,1,0,1,1,"SF",10,TRUE,12
86,0,5,0,0,0,1,"LA",2,FALSE,0
87,1,2,0,0,0,1,"LA",10,TRUE,5
88,0,5,1,1,1,0,"SF",6,FALSE,0
89,1,5,1,0,0,0,"NYC",4,FALSE,0
90,1,1,1,0,0,1,"SF",1,FALSE,0
91,1,1,1,1,1,1,"NYC",6,TRUE,2
92,0,3,0,0,1,0,"SF",3,FALSE,0
93,1,2,1,1,0,0,"LA",8,TRUE,4
94,1,1,0,1,1,0,"LA",3,FALSE,0
95,1,1,1,1,1,1,"LA",8,TRUE,6
96,1,4,1,1,0,1,"LA",1,FALSE,0
97,1,4,0,0,0,1,"SF",7,TRUE,2
98,1,4,1,0,1,1,"LA",7,TRUE,5
99,1,1,0,0,1,1,"SF",7,TRUE,1
100,1,2,1,1,0,1,"LA",10,TRUE,8
101,1,2,0,1,1,1,"SF",6,FALSE,0
102,1,2,0,1,0,1,"LA",7,TRUE,2
103,1,5,1,1,0,1,"SF",10,TRUE,9
104,0,5,0,0,0,0,"SF",5,FALSE,0
105,0,3,0,1,0,0,"SF",6,FALSE,0
106,0,2,1,0,1,1,"SF",8,TRUE,1
107,1,4,1,0,0,0,"LA",5,TRUE,1
108,0,4,0,1,1,0,"SF",7,FALSE,0
109,0,4,0,0,0,1,"NYC",4,FALSE,0
110,0,3,1,0,0,0,"LA",3,FALSE,0
111,0,1,0,1,1,1,"LA",9,TRUE,3
112,0,5,0,0,1,1,"SF",7,FALSE,0
113,0,4,0,0,0,0,"SF",6,FALSE,0
114,0,3,0,1,1,0,"SF",10,TRUE,6
115,0,2,0,0,1,0,"SF",9,TRUE,0
116,0,1,0,1,0,1,"LA",7,TRUE,1
117,1,3,0,1,0,0,"SF",2,FALSE,0
118,1,5,0,0,1,1,"SF",3,FALSE,0
119,1,4,0,1,1,0,"NYC",8,TRUE,7
120,1,1,1,0,1,1,"LA",4,FALSE,0
121,1,5,0,0,1,0,"NYC",7,TRUE,3
122,1,1,0,1,0,1,"LA",4,FALSE,0
123,0,5,1,0,1,0,"NYC",1,FALSE,0
124,0,5,0,0,0,0,"LA",8,FALSE,0
125,0,3,0,0,1,1,"NYC",4,FALSE,0
126,0,4,1,1,0,1,"NYC",9,TRUE,4
127,1,4,0,0,0,1,"SF",8,TRUE,5
128,1,5,1,1,0,0,"LA",6,TRUE,2
129,1,1,1,1,0,0,"SF",4,FALSE,0
130,0,4,1,1,1,0,"LA",8,TRUE,1
131,1,5,0,1,0,1,"NYC",3,FALSE,0
132,1,1,0,0,0,0,"LA",4,FALSE,0
133,0,2,1,0,0,1,"NYC",4,FALSE,0
134,0,5,0,0,0,1,"NYC",6,FALSE,0
135,1,3,0,0,0,1,"SF",1,FALSE,0
136,1,5,0,1,0,1,"LA",10,TRUE,9
137,1,5,0,0,1,0,"SF",4,FALSE,0
138,0,4,1,0,1,1,"SF",9,TRUE,5
139,0,5,0,0,1,1,"LA",7,FALSE,0
140,1,2,1,0,0,1,"LA",8,TRUE,5
141,0,3,1,1,1,0,"SF",5,FALSE,0
142,0,1,1,0,0,1,"NYC",2,FALSE,0
143,0,5,1,0,0,1,"SF",6,FALSE,0
144,1,1,1,1,0,0,"LA",9,TRUE,7
145,0,1,0,0,1,0,"NYC",8,TRUE,2
146,0,3,1,1,0,0,"NYC",10,TRUE,4
147,1,5,1,1,0,0,"SF",4,FALSE,0
148,1,1,0,1,1,1,"NYC",5,FALSE,0
149,1,3,1,1,0,0,"NYC",7,TRUE,0
150,0,4,1,0,0,0,"NYC",1,FALSE,0
151,1,2,1,1,0,0,"NYC",8,TRUE,5
152,0,3,1,1,0,1,"SF",8,TRUE,4
153,0,5,0,0,1,0,"LA",10,TRUE,7
154,1,4,1,0,1,1,"SF",9,TRUE,7
155,1,4,1,1,0,0,"LA",8,TRUE,4
156,1,2,1,1,1,0,"NYC",2,FALSE,0
157,1,5,1,1,1,0,"LA",5,FALSE,0
158,0,1,1,1,1,0,"NYC",9,TRUE,5
159,1,5,1,1,1,1,"NYC",7,TRUE,2
160,1,3,1,0,0,0,"NYC",7,TRUE,1
161,0,5,1,0,1,0,"SF",10,TRUE,5
162,0,1,1,0,1,1,"SF",10,TRUE,6
163,1,1,1,0,0,0,"SF",8,TRUE,5
164,0,3,1,0,0,1,"LA",6,FALSE,0
165,0,3,1,0,1,1,"SF",7,TRUE,1
166,0,2,0,1,1,0,"LA",10,TRUE,6
167,1,2,0,1,0,0,"LA",1,FALSE,0
168,0,2,0,0,0,1,"SF",9,TRUE,1
169,1,4,0,0,0,0,"LA",3,FALSE,0
170,1,3,0,1,0,1,"LA",10,TRUE,7
171,0,4,1,1,0,0,"NYC",5,FALSE,0
172,1,1,0,1,1,0,"SF",6,FALSE,0
173,0,4,0,1,0,1,"NYC",9,TRUE,8
174,0,4,0,0,0,1,"SF",4,FALSE,0
175,1,2,1,0,0,0,"SF",10,TRUE,7
176,1,3,0,1,1,0,"LA",7,FALSE,0
177,1,3,1,1,0,0,"SF",9,TRUE,6
178,1,4,1,0,1,1,"SF",7,TRUE,4
179,0,3,1,0,1,0,"SF",10,TRUE,1
180,1,2,1,0,0,0,"NYC",4,FALSE,0
181,0,2,0,0,0,1,"LA",8,TRUE,1
182,1,3,0,0,1,1,"SF",9,TRUE,3
183,1,5,0,1,1,1,"SF",9,TRUE,7
184,1,1,1,1,1,0,"LA",9,TRUE,6
185,1,5,1,1,0,1,"NYC",5,TRUE,1
186,0,1,0,1,1,0,"LA",7,FALSE,0
187,1,3,1,1,1,1,"LA",6,TRUE,6
188,0,3,0,1,1,1,"LA",1,FALSE,0
189,1,2,1,1,0,1,"SF",10,TRUE,5
190,0,1,1,0,0,1,"LA",10,TRUE,4
191,0,3,0,1,0,0,"LA",1,FALSE,0
192,0,3,1,0,0,0,"LA",10,TRUE,4
193,0,2,1,1,0,0,"NYC",1,FALSE,0
194,1,1,1,0,0,0,"NYC",10,TRUE,6
195,0,1,0,1,1,0,"NYC",5,FALSE,0
196,1,4,1,0,0,0,"LA",7,TRUE,6
197,1,2,1,1,1,0,"SF",5,FALSE,0
198,1,2,1,1,1,0,"SF",10,TRUE,8
199,1,4,1,0,1,0,"NYC",9,TRUE,7
200,1,2,1,1,0,0,"SF",4,FALSE,0
201,0,3,1,0,0,0,"SF",6,FALSE,0
202,1,2,0,1,0,0,"LA",2,FALSE,0
203,0,4,0,0,0,0,"SF",1,FALSE,0
204,0,3,0,1,0,0,"NYC",5,FALSE,0
205,1,4,0,0,0,0,"NYC",9,TRUE,7
206,1,1,0,1,1,0,"SF",4,FALSE,0
207,1,5,0,0,1,1,"LA",3,FALSE,0
208,1,4,1,0,1,0,"SF",9,TRUE,10
209,1,3,1,0,0,1,"LA",1,FALSE,0
210,0,2,0,1,0,0,"NYC",2,FALSE,0
211,0,5,1,0,0,0,"LA",4,FALSE,0
212,1,1,0,0,0,0,"SF",10,TRUE,7
213,0,1,0,0,1,0,"NYC",1,FALSE,0
214,0,4,1,0,0,1,"SF",5,FALSE,0
215,1,4,0,0,1,1,"SF",5,FALSE,0
216,0,5,1,1,1,0,"LA",9,TRUE,4
217,1,2,1,1,1,1,"LA",8,TRUE,6
218,1,2,1,0,0,0,"LA",7,TRUE,1
219,1,5,1,0,0,1,"NYC",9,TRUE,10
220,0,5,1,0,1,1,"NYC",5,FALSE,0
221,0,5,0,0,0,1,"LA",2,FALSE,0
222,1,1,1,0,0,0,"NYC",10,TRUE,4
223,1,5,0,0,0,0,"LA",6,FALSE,0
224,0,2,1,0,1,1,"SF",7,TRUE,1
225,0,4,0,1,0,0,"SF",9,TRUE,8
226,0,4,0,0,0,1,"LA",1,FALSE,0
227,1,3,0,0,0,1,"SF",5,FALSE,0
228,1,2,0,1,1,1,"LA",5,FALSE,0
229,1,1,0,0,1,0,"LA",8,TRUE,1
230,0,2,1,0,0,1,"LA",5,FALSE,0
231,1,2,1,1,1,0,"LA",7,TRUE,0
232,0,1,0,0,1,1,"LA",4,FALSE,0
233,0,2,1,1,0,0,"LA",2,FALSE,0
234,0,2,0,1,1,0,"NYC",1,FALSE,0
235,0,1,0,0,0,0,"SF",1,FALSE,0
236,0,5,1,0,0,1,"NYC",2,FALSE,0
237,0,1,1,0,1,1,"LA",1,FALSE,0
238,1,1,1,0,0,1,"SF",2,FALSE,0
239,1,5,1,0,0,1,"SF",8,TRUE,5
240,1,3,0,1,1,0,"LA",1,FALSE,0
241,1,4,0,1,0,0,"NYC",3,FALSE,0
242,0,4,0,0,0,0,"NYC",2,FALSE,0
243,1,4,1,1,0,1,"NYC",2,FALSE,0
244,0,5,1,1,1,0,"LA",5,FALSE,0
245,1,1,1,1,1,0,"SF",9,TRUE,8
246,0,2,0,1,1,1,"SF",10,TRUE,3
247,0,3,0,0,0,1,"LA",6,FALSE,0
248,1,5,1,0,1,0,"SF",10,TRUE,11
249,1,1,0,0,1,1,"LA",10,TRUE,4
250,1,3,1,0,1,0,"SF",6,FALSE,0
251,0,1,0,0,0,1,"SF",3,FALSE,0
252,1,5,1,1,0,1,"SF",4,FALSE,0
253,0,3,0,1,1,0,"LA",3,FALSE,0
254,0,5,0,1,0,0,"NYC",7,FALSE,0
255,1,2,1,1,1,1,"LA",3,FALSE,0
256,1,5,1,1,0,1,"SF",2,FALSE,0
257,0,2,1,0,0,1,"NYC",7,FALSE,0
258,0,1,0,0,0,1,"NYC",3,FALSE,0
259,0,5,1,0,0,1,"NYC",9,TRUE,7
260,0,5,1,0,0,1,"LA",7,FALSE,0
261,1,1,0,1,0,1,"NYC",9,TRUE,5
262,1,4,0,1,0,0,"LA",4,FALSE,0
263,0,1,0,0,1,0,"NYC",2,FALSE,0
264,1,2,0,1,0,0,"SF",6,FALSE,0
265,0,5,0,0,0,0,"SF",10,TRUE,7
266,0,5,0,0,1,0,"LA",9,TRUE,4
267,0,3,1,0,0,0,"LA",7,FALSE,0
268,0,3,1,0,0,0,"NYC",5,FALSE,0
269,1,5,1,1,0,0,"SF",1,FALSE,0
270,1,1,0,1,0,0,"LA",3,FALSE,0
271,0,3,1,1,1,0,"LA",2,FALSE,0
272,0,1,0,0,1,0,"SF",5,FALSE,0
273,0,4,1,0,0,0,"NYC",1,FALSE,0
274,1,4,0,1,0,1,"SF",3,FALSE,0
275,1,3,0,1,1,1,"SF",9,TRUE,3
276,1,3,0,1,1,1,"SF",2,FALSE,0
277,1,4,0,1,1,0,"SF",6,FALSE,0
278,0,4,0,0,0,1,"SF",3,FALSE,0
279,0,5,0,1,0,1,"LA",3,FALSE,0
280,1,2,0,1,0,0,"SF",9,TRUE,4
281,0,2,0,0,1,0,"NYC",2,FALSE,0
282,0,4,0,1,0,0,"LA",1,FALSE,0
283,0,5,1,0,0,0,"SF",6,FALSE,0
284,1,4,1,1,1,1,"NYC",10,TRUE,15
285,1,1,0,1,1,0,"NYC",8,TRUE,0
286,1,3,0,1,1,0,"LA",10,TRUE,8
287,0,2,1,0,0,0,"SF",10,TRUE,4
288,0,1,1,0,0,0,"SF",4,FALSE,0
289,0,3,0,0,0,1,"LA",6,FALSE,0
290,0,4,1,0,1,0,"LA",4,FALSE,0
291,0,5,0,0,0,0,"LA",4,FALSE,0
292,1,1,1,0,1,1,"LA",9,TRUE,5
293,1,2,0,1,0,1,"NYC",8,TRUE,1
294,1,5,0,1,0,0,"NYC",7,TRUE,2
295,0,4,1,1,0,1,"NYC",10,TRUE,2
296,1,5,0,0,1,1,"SF",1,FALSE,0
297,1,4,0,1,0,1,"NYC",2,FALSE,0
298,1,5,0,0,1,0,"LA",8,TRUE,5
299,0,1,0,1,1,1,"LA",3,FALSE,0
300,0,4,0,1,1,0,"NYC",10,TRUE,7
301,0,4,1,0,1,0,"SF",7,FALSE,0
302,1,1,1,1,1,1,"NYC",1,FALSE,0
303,1,1,1,0,0,1,"LA",2,FALSE,0
304,1,4,1,1,1,1,"SF",3,FALSE,0
305,1,1,0,1,1,1,"SF",3,FALSE,0
306,0,3,0,1,1,1,"LA",6,TRUE,1
307,0,3,1,0,1,1,"LA",10,TRUE,5
308,1,5,0,0,1,0,"SF",5,FALSE,0
309,1,5,1,0,0,1,"SF",4,TRUE,1
310,1,3,0,1,0,1,"NYC",2,FALSE,0
311,0,2,1,0,0,1,"SF",1,FALSE,0
312,1,1,1,1,1,0,"SF",1,FALSE,0
313,0,3,1,0,1,0,"SF",5,FALSE,0
314,0,2,0,1,1,1,"LA",2,FALSE,0
315,0,4,1,0,1,1,"NYC",2,FALSE,0
316,1,5,0,1,1,1,"NYC",3,FALSE,0
317,0,2,0,0,0,0,"SF",5,FALSE,0
318,1,2,0,0,1,0,"LA",6,FALSE,0
319,1,4,1,0,1,0,"SF",10,TRUE,7
320,1,5,0,1,1,0,"LA",3,FALSE,0
321,0,5,0,0,0,1,"NYC",3,FALSE,0
322,0,3,0,0,1,1,"SF",1,FALSE,0
323,1,3,0,1,1,1,"SF",8,TRUE,6
324,1,4,0,1,0,1,"NYC",1,FALSE,0
325,1,5,1,0,0,0,"SF",4,TRUE,1
326,0,5,1,0,0,1,"NYC",8,TRUE,3
327,1,1,1,0,0,1,"SF",10,TRUE,4
328,1,1,1,0,0,0,"NYC",10,TRUE,9
329,1,4,1,0,0,1,"NYC",8,TRUE,4
330,1,1,0,1,0,0,"LA",7,FALSE,0
331,0,2,1,0,0,1,"NYC",2,FALSE,0
332,1,4,1,1,1,1,"LA",1,FALSE,0
333,0,5,1,1,1,0,"NYC",4,FALSE,0
334,0,4,1,0,0,1,"NYC",9,TRUE,4
335,1,1,0,0,1,1,"LA",5,FALSE,0
336,1,2,1,1,1,1,"SF",8,TRUE,0
337,1,4,0,1,0,1,"NYC",2,FALSE,0
338,0,2,0,0,1,1,"LA",5,FALSE,0
339,0,3,0,0,0,1,"SF",2,FALSE,0
340,1,5,0,1,0,0,"LA",6,FALSE,0
341,1,4,0,1,0,0,"LA",10,TRUE,6
342,0,3,1,0,0,1,"SF",10,TRUE,5
343,0,2,0,1,1,0,"NYC",9,TRUE,2
344,0,1,0,0,1,0,"LA",7,TRUE,0
345,0,1,0,1,1,0,"SF",6,FALSE,0
346,0,5,0,1,1,0,"SF",3,FALSE,0
347,1,1,0,1,0,0,"SF",8,TRUE,0
348,0,2,0,0,0,0,"SF",7,FALSE,0
349,1,1,1,1,1,0,"NYC",4,FALSE,0
350,0,3,0,0,1,0,"SF",8,TRUE,2
351,0,4,1,0,0,1,"NYC",3,FALSE,0
352,1,4,1,0,0,0,"LA",8,TRUE,4
353,1,4,0,1,0,0,"NYC",6,TRUE,2
354,0,3,1,1,1,1,"LA",4,FALSE,0
355,0,1,0,1,1,0,"LA",7,FALSE,0
356,1,2,0,1,1,1,"LA",10,TRUE,6
357,1,5,1,0,0,1,"NYC",8,TRUE,8
358,0,2,0,1,0,0,"NYC",4,FALSE,0
359,1,4,1,0,0,0,"LA",10,TRUE,12
360,0,4,0,1,1,0,"SF",9,TRUE,3
361,1,2,0,0,0,1,"NYC",6,FALSE,0
362,1,3,0,0,0,1,"NYC",3,FALSE,0
363,1,4,1,1,0,1,"SF",4,FALSE,0
364,0,3,0,1,0,0,"SF",9,TRUE,3
365,0,5,0,1,0,1,"LA",9,TRUE,8
366,0,3,0,0,0,1,"LA",4,FALSE,0
367,0,3,1,1,0,0,"NYC",4,FALSE,0
368,1,1,0,0,0,0,"LA",6,FALSE,0
369,1,2,0,0,1,1,"NYC",5,FALSE,0
370,1,3,1,1,0,1,"LA",1,FALSE,0
371,1,3,1,0,1,0,"LA",8,TRUE,6
372,1,3,1,1,0,0,"LA",7,FALSE,0
373,1,5,0,1,1,0,"LA",5,FALSE,0
374,1,4,1,1,0,0,"LA",6,TRUE,1
375,0,2,1,1,0,0,"SF",3,FALSE,0
376,1,4,1,1,0,1,"SF",8,TRUE,6
377,0,5,0,0,0,0,"LA",10,TRUE,7
378,0,1,0,0,0,1,"LA",5,FALSE,0
379,1,2,0,0,1,0,"NYC",7,FALSE,0
380,0,4,1,1,0,1,"NYC",4,FALSE,0
381,1,2,0,0,1,1,"LA",9,TRUE,9
382,1,2,1,1,0,0,"NYC",3,FALSE,0
383,1,3,1,0,0,0,"NYC",10,TRUE,2
384,0,3,1,1,1,1,"SF",7,FALSE,0
385,0,2,0,0,0,1,"LA",2,FALSE,0
386,0,1,1,0,1,1,"NYC",9,TRUE,0
387,1,5,1,1,1,0,"NYC",6,TRUE,3
388,1,2,1,1,0,0,"SF",4,FALSE,0
389,1,5,0,0,1,1,"LA",6,TRUE,2
390,0,2,1,0,0,1,"NYC",2,FALSE,0
391,0,3,0,0,1,1,"NYC",2,FALSE,0
392,1,5,1,0,0,0,"SF",8,TRUE,7
393,1,4,0,0,0,0,"SF",8,TRUE,6
394,0,1,1,0,1,0,"LA",5,FALSE,0
395,1,4,1,0,0,0,"SF",9,TRUE,5
396,0,3,1,0,0,0,"NYC",7,FALSE,0
397,0,3,1,0,1,1,"NYC",3,FALSE,0
398,0,1,0,1,1,1,"LA",7,TRUE,4
399,1,3,1,0,0,0,"LA",8,TRUE,4
400,0,1,0,0,1,0,"LA",10,TRUE,7
401,0,3,0,0,0,1,"SF",5,FALSE,0
402,1,3,0,1,1,0,"NYC",1,FALSE,0
403,1,2,0,0,0,1,"LA",7,TRUE,1
404,0,4,0,1,0,1,"LA",6,TRUE,2
405,1,1,0,0,0,0,"SF",8,TRUE,1
406,1,2,0,0,0,0,"LA",4,FALSE,0
407,0,2,1,1,1,0,"LA",6,TRUE,0
408,0,2,0,1,1,1,"NYC",1,FALSE,0
409,1,2,0,0,1,1,"NYC",3,FALSE,0
410,1,2,1,1,1,0,"LA",4,FALSE,0
411,1,3,0,1,0,0,"SF",1,FALSE,0
412,1,4,0,0,0,1,"NYC",5,FALSE,0
413,0,5,0,1,0,1,"LA",4,FALSE,0
414,1,5,1,1,1,1,"LA",2,FALSE,0
415,1,1,0,0,0,1,"NYC",7,TRUE,1
416,1,5,1,1,1,1,"LA",3,FALSE,0
417,1,3,1,0,1,0,"SF",10,TRUE,9
418,1,3,1,0,0,1,"SF",3,FALSE,0
419,0,2,1,1,0,1,"SF",1,FALSE,0
420,0,4,1,1,1,1,"NYC",7,TRUE,2
421,1,5,0,1,1,1,"LA",6,TRUE,0
422,0,1,0,1,0,0,"NYC",4,FALSE,0
423,1,5,1,0,1,0,"SF",5,TRUE,3
424,1,4,0,0,1,0,"NYC",7,FALSE,0
425,0,5,1,0,1,0,"LA",3,FALSE,0
426,0,2,0,0,0,0,"NYC",2,FALSE,0
427,1,5,0,1,0,0,"NYC",8,TRUE,6
428,0,5,0,0,0,0,"SF",4,FALSE,0
429,0,2,1,1,0,1,"SF",6,FALSE,0
430,1,2,0,0,1,0,"SF",10,TRUE,4
431,1,1,1,1,1,1,"NYC",7,TRUE,4
432,0,5,0,0,0,0,"SF",6,FALSE,0
433,0,5,0,1,0,0,"LA",1,FALSE,0
434,1,2,1,0,1,1,"LA",6,FALSE,0
435,0,1,0,1,0,1,"LA",8,TRUE,0
436,1,2,0,0,0,1,"LA",3,FALSE,0
437,1,4,0,1,1,1,"NYC",2,FALSE,0
438,1,2,0,1,0,0,"NYC",3,FALSE,0
439,0,1,0,0,1,0,"LA",1,FALSE,0
440,1,5,0,0,1,1,"NYC",2,FALSE,0
441,0,3,0,0,1,0,"LA",2,FALSE,0
442,0,3,1,1,1,0,"LA",8,TRUE,2
443,1,3,1,0,0,0,"NYC",10,TRUE,11
444,1,4,0,1,1,0,"NYC",4,FALSE,0
445,1,2,1,0,1,0,"SF",9,TRUE,5
446,1,2,1,1,1,0,"LA",7,FALSE,0
447,1,5,0,1,1,1,"NYC",8,TRUE,4
448,1,4,0,0,0,1,"SF",3,FALSE,0
449,1,5,0,1,0,0,"NYC",6,TRUE,1
450,1,4,1,0,0,0,"SF",6,TRUE,3
451,1,2,0,0,1,0,"NYC",8,TRUE,0
452,0,5,1,0,1,0,"NYC",1,FALSE,0
453,0,1,1,1,0,0,"LA",2,FALSE,0
454,1,5,0,0,0,1,"NYC",5,FALSE,0
455,1,2,1,1,0,0,"LA",8,TRUE,5
456,0,3,1,1,1,0,"SF",8,FALSE,0
457,1,5,1,0,1,0,"NYC",7,TRUE,3
458,1,4,1,0,0,0,"LA",5,FALSE,0
459,1,5,1,0,0,1,"LA",1,FALSE,0
460,0,1,0,1,0,0,"NYC",10,TRUE,9
461,1,4,1,1,0,1,"SF",9,TRUE,8
462,0,3,1,0,0,1,"SF",9,TRUE,6
463,1,2,0,1,1,0,"LA",7,FALSE,0
464,0,3,0,0,1,0,"LA",10,TRUE,5
465,1,3,0,1,0,1,"SF",4,FALSE,0
466,1,1,1,0,0,1,"NYC",8,TRUE,1
467,0,3,0,1,0,1,"LA",4,FALSE,0
468,1,2,1,0,0,1,"LA",3,FALSE,0
469,0,4,0,1,1,0,"NYC",7,FALSE,0
470,0,1,0,0,0,0,"LA",1,FALSE,0
471,1,2,1,1,1,1,"LA",6,TRUE,6
472,1,3,1,0,0,0,"SF",10,TRUE,8
473,1,1,0,1,0,0,"LA",10,TRUE,7
474,1,5,1,0,1,1,"NYC",1,FALSE,0
475,0,3,1,1,1,0,"SF",7,TRUE,3
476,0,2,0,0,0,1,"LA",5,FALSE,0
477,0,2,1,0,1,1,"LA",6,FALSE,0
478,1,4,1,1,0,1,"LA",10,TRUE,11
479,1,2,0,1,0,1,"SF",6,FALSE,0
480,1,3,0,0,1,0,"LA",9,TRUE,4
481,0,4,1,0,0,1,"SF",8,TRUE,4
482,1,1,1,1,0,0,"NYC",1,FALSE,0
483,1,1,0,0,1,0,"LA",6,FALSE,0
484,0,5,0,0,1,0,"SF",2,FALSE,0
485,1,4,0,1,0,0,"NYC",8,TRUE,6
486,1,3,0,1,0,1,"LA",10,TRUE,6
487,1,2,1,1,1,0,"SF",8,TRUE,4
488,0,3,0,0,0,1,"NYC",9,TRUE,6
489,0,3,1,0,0,0,"SF",8,FALSE,0
490,0,1,1,1,0,0,"SF",9,TRUE,5
491,0,3,1,0,1,0,"LA",9,TRUE,4
492,1,4,0,1,1,0,"LA",4,FALSE,0
493,1,3,1,0,1,1,"LA",1,FALSE,0
494,0,5,0,1,0,0,"LA",3,FALSE,0
495,1,4,0,1,0,1,"NYC",8,TRUE,5
496,1,5,0,1,1,1,"NYC",2,FALSE,0
497,1,3,1,1,0,1,"SF",1,FALSE,0
498,1,5,0,0,1,0,"NYC",9,TRUE,5
499,0,4,1,0,0,1,"SF",7,TRUE,1
500,1,4,1,0,1,1,"SF",7,TRUE,6
501,1,4,1,0,0,1,"LA",4,FALSE,0
502,1,1,1,0,0,0,"LA",7,TRUE,0
503,1,2,1,0,0,1,"NYC",4,FALSE,0
504,1,2,0,0,1,1,"LA",9,TRUE,7
505,1,4,1,0,1,0,"NYC",4,FALSE,0
506,0,5,0,0,0,0,"LA",10,TRUE,8
507,0,3,1,0,1,0,"LA",9,TRUE,3
508,1,4,0,1,0,1,"SF",8,TRUE,3
509,0,1,1,0,0,0,"LA",7,TRUE,1
510,1,3,1,1,0,1,"LA",9,TRUE,6
511,1,4,1,1,1,0,"SF",3,FALSE,0
512,1,1,1,0,0,0,"SF",1,FALSE,0
513,0,4,0,1,1,1,"NYC",7,TRUE,2
514,0,1,0,0,1,1,"SF",3,FALSE,0
515,1,1,0,1,1,0,"NYC",7,FALSE,0
516,1,2,1,0,1,1,"LA",10,TRUE,6
517,1,1,1,1,1,0,"NYC",3,FALSE,0
518,0,1,1,0,1,0,"LA",6,FALSE,0
519,0,3,0,1,1,0,"LA",7,TRUE,0
520,1,3,0,0,1,1,"NYC",4,FALSE,0
521,1,3,0,1,0,0,"LA",10,TRUE,7
522,0,4,0,0,1,1,"LA",1,FALSE,0
523,0,4,0,0,1,1,"LA",8,TRUE,3
524,0,2,0,1,0,1,"NYC",5,FALSE,0
525,1,5,1,0,1,1,"LA",3,FALSE,0
526,1,1,0,1,1,1,"LA",5,FALSE,0
527,0,5,0,1,1,1,"NYC",5,FALSE,0
528,0,3,1,0,1,0,"NYC",6,FALSE,0
529,1,3,1,0,1,0,"SF",9,TRUE,7
530,0,1,0,1,0,0,"SF",1,FALSE,0
531,0,5,1,1,1,0,"LA",4,FALSE,0
532,0,3,0,0,1,1,"NYC",3,FALSE,0
533,0,4,1,1,0,1,"NYC",5,FALSE,0
534,1,5,0,0,1,0,"SF",2,FALSE,0
535,1,3,0,1,1,0,"SF",1,FALSE,0
536,1,5,0,1,0,1,"NYC",4,FALSE,0
537,1,3,0,1,1,1,"SF",4,FALSE,0
538,1,3,1,1,1,1,"NYC",10,TRUE,9
539,0,4,0,0,1,1,"SF",10,TRUE,6
540,0,3,1,0,0,0,"NYC",5,FALSE,0
541,1,1,0,1,1,0,"SF",6,TRUE,1
542,0,4,0,1,0,0,"LA",4,FALSE,0
543,0,3,1,0,1,1,"NYC",3,FALSE,0
544,1,5,1,0,0,0,"NYC",3,FALSE,0
545,0,2,0,0,1,0,"LA",1,FALSE,0
546,1,2,1,1,1,1,"NYC",7,TRUE,3
547,0,5,1,0,0,1,"NYC",5,FALSE,0
548,1,2,1,1,0,1,"NYC",7,TRUE,1
549,1,1,1,0,0,0,"LA",9,TRUE,7
550,1,2,0,1,0,1,"NYC",9,TRUE,5
551,1,5,1,0,1,0,"NYC",8,TRUE,7
552,0,4,0,0,0,0,"SF",1,FALSE,0
553,1,5,1,0,0,0,"LA",5,FALSE,0
554,1,3,1,0,1,1,"SF",5,FALSE,0
555,1,1,1,1,0,0,"LA",8,TRUE,4
556,0,2,1,0,1,0,"SF",2,FALSE,0
557,1,1,1,0,1,1,"LA",6,FALSE,0
558,0,2,0,0,1,0,"SF",2,FALSE,0
559,1,2,0,0,0,1,"SF",4,FALSE,0
560,0,4,0,1,1,0,"SF",10,TRUE,4
561,0,4,0,1,0,0,"LA",7,TRUE,1
562,0,5,0,0,1,1,"SF",6,FALSE,0
563,0,1,1,0,1,1,"NYC",8,TRUE,3
564,0,1,0,0,1,0,"LA",1,FALSE,0
565,1,2,0,0,1,1,"SF",8,TRUE,1
566,1,1,0,1,1,0,"NYC",5,FALSE,0
567,0,4,0,1,0,1,"NYC",9,TRUE,3
568,0,5,1,0,0,1,"LA",8,TRUE,2
569,0,4,1,0,0,0,"SF",10,TRUE,5
570,0,4,0,0,1,0,"LA",4,FALSE,0
571,1,1,1,0,0,1,"NYC",9,TRUE,5
572,1,1,0,1,0,1,"NYC",9,TRUE,0
573,1,1,1,1,1,1,"NYC",4,FALSE,0
574,0,2,0,1,0,0,"LA",3,FALSE,0
575,1,2,0,0,1,0,"NYC",7,TRUE,1
576,1,4,0,1,1,0,"SF",4,FALSE,0
577,0,4,0,1,1,1,"SF",8,TRUE,1
578,1,2,0,0,1,0,"NYC",8,TRUE,3
579,0,1,1,1,1,1,"LA",5,FALSE,0
580,0,5,0,1,0,1,"SF",5,FALSE,0
581,0,2,0,0,0,1,"NYC",8,TRUE,3
582,0,4,1,1,1,0,"NYC",6,FALSE,0
583,0,3,1,0,1,1,"SF",4,FALSE,0
584,1,1,0,0,1,1,"LA",3,FALSE,0
585,1,1,0,0,0,0,"NYC",10,TRUE,7
586,1,5,1,0,1,1,"NYC",7,TRUE,2
587,1,4,0,1,0,0,"SF",5,FALSE,0
588,0,1,1,0,0,0,"LA",8,TRUE,1
589,1,5,1,0,0,1,"LA",9,TRUE,10
590,1,2,1,0,1,0,"NYC",10,TRUE,9
591,1,3,0,0,1,1,"SF",3,FALSE,0
592,1,4,0,0,0,1,"NYC",10,TRUE,9
593,1,1,1,1,1,1,"NYC",8,TRUE,4
594,0,1,1,0,0,1,"NYC",3,FALSE,0
595,1,4,1,0,0,0,"NYC",2,FALSE,0
596,0,4,1,0,1,0,"SF",10,TRUE,6
597,0,1,0,0,1,1,"LA",8,TRUE,2
598,1,4,0,0,0,0,"NYC",10,TRUE,5
599,1,4,0,0,0,0,"LA",7,TRUE,1
600,1,2,1,0,1,1,"SF",7,TRUE,2
601,1,2,0,1,0,0,"SF",6,TRUE,0
602,1,1,1,0,1,0,"SF",1,FALSE,0
603,1,2,1,1,1,0,"LA",4,FALSE,0
604,1,5,0,0,1,1,"SF",1,FALSE,0
605,1,4,0,1,1,0,"LA",5,FALSE,0
606,0,2,1,1,0,1,"NYC",10,TRUE,8
607,0,4,0,0,1,1,"NYC",10,TRUE,8
608,0,2,1,1,0,1,"SF",2,FALSE,0
609,0,2,0,0,1,0,"NYC",7,FALSE,0
610,1,2,1,0,1,1,"SF",8,TRUE,3
611,1,1,1,0,0,1,"SF",3,FALSE,0
612,1,5,1,0,1,1,"LA",2,FALSE,0
613,0,4,1,0,1,1,"NYC",6,FALSE,0
614,0,3,0,1,1,1,"LA",3,FALSE,0
615,1,3,0,0,0,0,"SF",9,TRUE,9
616,0,5,0,1,0,1,"SF",7,TRUE,4
617,0,5,0,0,1,0,"NYC",9,TRUE,4
618,1,2,0,1,1,1,"NYC",6,FALSE,0
619,1,1,1,0,0,0,"SF",8,TRUE,1
620,0,1,0,0,1,0,"SF",9,TRUE,4
621,1,5,0,0,1,1,"LA",5,FALSE,0
622,0,2,0,0,1,0,"SF",7,FALSE,0
623,0,4,1,0,1,1,"SF",9,TRUE,2
624,1,2,0,0,0,0,"SF",2,FALSE,0
625,0,3,0,0,0,0,"NYC",8,FALSE,0
626,0,5,1,1,0,0,"NYC",9,TRUE,6
627,1,1,0,1,0,0,"SF",8,FALSE,0
628,1,5,0,0,0,0,"LA",4,FALSE,0
629,1,1,1,1,1,0,"SF",7,FALSE,0
630,0,1,1,0,1,0,"NYC",8,TRUE,1
631,0,2,1,0,1,1,"LA",2,FALSE,0
632,0,1,1,0,0,0,"LA",6,FALSE,0
633,0,2,0,0,0,1,"LA",1,FALSE,0
634,0,3,1,0,0,0,"SF",10,TRUE,7
635,1,2,0,0,0,1,"SF",6,FALSE,0
636,1,3,0,0,1,0,"SF",5,FALSE,0
637,0,2,1,1,1,0,"NYC",10,TRUE,6
638,0,1,0,1,0,0,"NYC",9,TRUE,6
639,1,4,1,1,0,0,"SF",2,FALSE,0
640,1,2,0,0,0,1,"LA",3,FALSE,0
641,1,5,1,1,1,1,"SF",3,FALSE,0
642,0,2,1,0,1,1,"LA",2,FALSE,0
643,0,3,1,0,0,0,"LA",10,TRUE,6
644,0,4,1,1,0,1,"NYC",8,TRUE,3
645,0,2,0,0,1,0,"LA",8,TRUE,5
646,0,5,1,0,1,1,"NYC",2,FALSE,0
647,1,2,1,1,0,1,"LA",6,FALSE,0
648,0,3,0,1,0,0,"LA",7,FALSE,0
649,0,2,0,0,0,1,"NYC",1,FALSE,0
650,0,5,1,0,0,0,"NYC",7,FALSE,0
651,1,3,1,0,0,0,"SF",8,TRUE,5
652,1,5,1,0,1,0,"LA",6,TRUE,2
653,1,1,1,1,0,1,"SF",10,TRUE,10
654,0,1,0,1,1,0,"NYC",1,FALSE,0
655,0,4,1,0,1,1,"LA",7,TRUE,1
656,1,5,0,1,0,1,"SF",7,TRUE,4
657,1,4,0,1,0,1,"LA",3,FALSE,0
658,1,2,0,1,0,0,"LA",1,FALSE,0
659,0,5,1,0,0,0,"NYC",8,TRUE,2
660,1,4,0,0,0,1,"SF",10,TRUE,10
661,0,2,1,1,1,0,"LA",1,FALSE,0
662,0,2,0,0,1,0,"NYC",1,FALSE,0
663,1,1,1,1,1,1,"SF",2,FALSE,0
664,0,4,1,1,1,0,"NYC",2,FALSE,0
665,0,1,0,1,1,1,"SF",4,FALSE,0
666,0,1,0,1,0,1,"LA",10,TRUE,4
667,1,1,1,0,1,0,"NYC",10,TRUE,6
668,1,3,1,1,0,1,"LA",5,FALSE,0
669,1,1,0,0,1,0,"SF",9,TRUE,6
670,1,1,0,0,1,1,"SF",3,FALSE,0
671,0,2,1,0,0,1,"NYC",7,FALSE,0
672,0,5,1,0,0,0,"SF",7,TRUE,0
673,0,2,1,0,1,0,"SF",2,FALSE,0
674,0,3,0,1,1,1,"SF",2,FALSE,0
675,0,3,1,0,1,0,"NYC",5,FALSE,0
676,1,5,1,1,1,0,"SF",8,TRUE,8
677,1,5,1,0,1,1,"NYC",4,FALSE,0
678,0,2,1,1,1,0,"NYC",4,FALSE,0
679,1,5,0,1,0,0,"SF",7,TRUE,4
680,0,4,1,1,1,0,"NYC",10,TRUE,6
681,0,4,0,0,1,0,"SF",5,FALSE,0
682,0,3,0,1,0,1,"LA",2,FALSE,0
683,1,5,1,0,1,0,"NYC",2,FALSE,0
684,1,1,0,1,0,1,"LA",3,FALSE,0
685,0,3,0,0,1,1,"NYC",6,TRUE,0
686,1,2,0,1,0,1,"NYC",2,FALSE,0
687,0,4,0,1,0,0,"NYC",10,TRUE,8
688,0,4,1,0,1,0,"NYC",9,TRUE,2
689,1,1,1,1,1,1,"NYC",3,FALSE,0
690,1,2,0,1,0,0,"SF",6,FALSE,0
691,1,1,0,1,0,0,"SF",3,FALSE,0
692,1,2,1,1,0,1,"LA",8,TRUE,5
693,0,3,1,0,1,1,"SF",1,FALSE,0
694,0,4,1,0,0,1,"LA",2,FALSE,0
695,1,1,0,0,1,1,"SF",5,FALSE,0
696,1,5,0,1,1,1,"NYC",5,FALSE,0
697,1,3,1,1,0,1,"SF",4,TRUE,0
698,1,1,0,1,1,0,"NYC",7,TRUE,3
699,0,2,0,1,1,1,"LA",3,FALSE,0
700,0,1,1,0,0,1,"SF",10,TRUE,4
701,0,4,0,0,0,0,"LA",7,TRUE,2
702,0,3,1,1,0,0,"SF",10,TRUE,6
703,1,2,0,1,0,0,"SF",7,TRUE,1
704,1,5,0,0,0,0,"LA",2,FALSE,0
705,1,2,1,0,1,0,"SF",2,FALSE,0
706,1,4,0,0,0,1,"SF",2,FALSE,0
707,0,5,1,1,1,0,"NYC",3,FALSE,0
708,0,4,0,0,0,0,"SF",8,TRUE,4
709,0,5,0,1,1,0,"LA",9,TRUE,6
710,0,4,1,1,0,0,"NYC",1,FALSE,0
711,0,5,1,0,0,0,"LA",7,TRUE,3
712,0,5,1,1,1,0,"LA",8,TRUE,1
713,1,2,1,1,1,1,"LA",1,FALSE,0
714,1,2,0,0,0,0,"LA",9,TRUE,4
715,0,2,1,0,0,1,"NYC",3,FALSE,0
716,0,2,0,1,0,0,"LA",9,TRUE,4
717,0,2,0,1,1,1,"LA",2,FALSE,0
718,1,4,0,1,0,0,"SF",4,FALSE,0
719,0,4,0,0,1,0,"NYC",8,TRUE,2
720,0,2,1,1,0,1,"SF",4,FALSE,0
721,0,4,0,1,1,0,"NYC",2,FALSE,0
722,0,5,1,0,0,1,"LA",6,FALSE,0
723,0,2,1,1,1,1,"SF",3,FALSE,0
724,1,5,0,0,1,1,"SF",7,TRUE,4
725,1,4,0,1,0,0,"NYC",3,FALSE,0
726,1,5,0,1,0,1,"LA",7,TRUE,4
727,1,1,1,0,0,0,"LA",7,TRUE,3
728,0,2,0,1,0,0,"NYC",7,FALSE,0
729,0,4,1,0,1,0,"NYC",7,FALSE,0
730,1,3,1,0,0,0,"SF",8,TRUE,3
731,0,2,1,1,1,0,"SF",8,FALSE,0
732,0,5,1,1,0,1,"SF",1,FALSE,0
733,1,1,1,0,1,0,"NYC",5,FALSE,0
734,0,1,1,0,0,0,"NYC",9,TRUE,6
735,0,4,0,1,1,0,"LA",1,FALSE,0
736,1,2,0,1,0,0,"LA",6,TRUE,0
737,1,3,0,0,1,0,"SF",9,TRUE,3
738,0,2,0,1,1,0,"SF",10,TRUE,7
739,0,2,0,1,0,1,"LA",10,TRUE,4
740,0,2,1,0,0,0,"LA",8,TRUE,2
741,1,1,0,1,1,1,"NYC",8,TRUE,6
742,0,3,0,0,1,1,"LA",7,FALSE,0
743,1,1,1,0,1,1,"NYC",7,TRUE,1
744,0,4,0,0,0,1,"LA",1,FALSE,0
745,1,5,1,1,0,0,"NYC",10,TRUE,12
746,0,1,0,1,1,1,"LA",9,TRUE,8
747,1,4,1,0,0,0,"LA",8,TRUE,1
748,0,1,1,0,1,0,"SF",3,FALSE,0
749,1,4,1,1,1,1,"LA",8,TRUE,4
750,0,3,1,1,0,1,"LA",6,FALSE,0
751,1,3,1,0,1,0,"NYC",1,FALSE,0
752,1,2,1,0,1,1,"LA",4,FALSE,0
753,0,1,0,0,0,1,"LA",3,FALSE,0
754,0,2,1,1,1,1,"LA",5,FALSE,0
755,1,3,0,1,0,0,"NYC",7,FALSE,0
756,0,5,1,1,1,1,"NYC",2,FALSE,0
757,1,2,1,1,0,1,"SF",8,TRUE,4
758,0,1,1,1,0,1,"NYC",8,TRUE,3
759,0,5,0,0,0,1,"NYC",4,FALSE,0
760,1,2,0,0,1,1,"SF",8,TRUE,2
761,1,5,0,0,0,0,"NYC",10,TRUE,8
762,0,4,0,1,0,1,"SF",6,FALSE,0
763,0,5,1,1,1,1,"SF",2,FALSE,0
764,0,4,0,0,0,1,"NYC",1,FALSE,0
765,1,4,0,1,1,1,"SF",9,TRUE,8
766,0,4,0,0,1,0,"NYC",3,FALSE,0
767,0,4,1,0,0,0,"SF",5,FALSE,0
768,0,5,1,1,1,1,"SF",5,FALSE,0
769,0,3,1,1,0,0,"NYC",9,TRUE,0
770,1,2,0,0,0,0,"NYC",4,FALSE,0
771,1,1,1,0,1,0,"SF",10,TRUE,7
772,1,5,0,0,1,1,"SF",3,FALSE,0
773,0,1,0,1,0,0,"LA",3,FALSE,0
774,1,1,1,0,1,0,"NYC",6,FALSE,0
775,1,3,1,0,1,0,"SF",10,TRUE,9
776,0,2,1,0,1,1,"LA",4,FALSE,0
777,0,4,1,0,0,0,"SF",7,TRUE,0
778,1,5,0,0,1,1,"LA",9,TRUE,6
779,0,1,1,1,1,1,"NYC",3,FALSE,0
780,1,2,1,1,1,1,"NYC",6,TRUE,1
781,0,3,0,1,0,1,"LA",5,FALSE,0
782,1,5,0,0,0,1,"SF",9,TRUE,8
783,0,1,1,0,1,0,"LA",4,FALSE,0
784,1,5,1,0,1,0,"NYC",3,FALSE,0
785,1,4,0,1,0,0,"SF",7,FALSE,0
786,0,2,1,0,1,0,"LA",4,FALSE,0
787,0,2,0,1,1,0,"LA",5,FALSE,0
788,0,3,0,1,1,0,"SF",8,TRUE,2
789,0,4,1,1,1,0,"SF",7,FALSE,0
790,1,1,0,0,1,1,"NYC",8,TRUE,6
791,1,5,1,0,1,1,"NYC",6,TRUE,5
792,1,5,0,1,0,1,"LA",8,TRUE,7
793,0,1,1,1,1,0,"SF",7,TRUE,1
794,0,1,1,1,0,1,"NYC",1,FALSE,0
795,0,5,1,1,1,0,"LA",6,FALSE,0
796,0,4,0,0,0,0,"SF",10,TRUE,6
797,0,5,0,0,0,0,"NYC",6,FALSE,0
798,1,4,0,1,1,1,"SF",10,TRUE,9
799,1,3,1,1,1,1,"NYC",4,FALSE,0
800,1,5,1,1,1,0,"LA",9,TRUE,13
801,0,1,1,1,1,1,"NYC",9,TRUE,3
802,1,3,0,0,0,0,"SF",10,TRUE,7
803,0,1,1,0,0,0,"NYC",4,FALSE,0
804,0,2,0,0,0,0,"LA",5,FALSE,0
805,0,2,0,0,0,1,"SF",9,TRUE,5
806,0,1,1,1,0,1,"NYC",3,FALSE,0
807,0,1,1,0,1,1,"NYC",3,FALSE,0
808,0,5,0,0,1,1,"NYC",2,FALSE,0
809,1,3,0,1,1,0,"SF",7,TRUE,0
810,0,3,1,0,0,0,"SF",1,FALSE,0
811,1,1,0,1,0,0,"SF",3,FALSE,0
812,0,5,0,1,1,1,"LA",7,TRUE,0
813,1,3,0,1,0,0,"NYC",2,FALSE,0
814,1,5,0,0,0,0,"SF",9,TRUE,5
815,1,4,0,0,1,0,"SF",5,FALSE,0
816,1,3,1,0,0,1,"SF",1,FALSE,0
817,0,3,0,1,1,1,"LA",10,TRUE,6
818,0,5,0,1,0,0,"SF",9,TRUE,4
819,0,1,1,1,0,0,"LA",9,TRUE,1
820,0,1,0,1,0,1,"NYC",7,TRUE,3
821,0,4,0,1,1,1,"NYC",2,FALSE,0
822,1,1,1,0,0,0,"LA",8,TRUE,2
823,1,1,1,0,1,0,"SF",7,TRUE,1
824,0,5,1,1,0,0,"NYC",6,FALSE,0
825,0,2,0,0,0,1,"NYC",7,FALSE,0
826,0,1,0,0,1,0,"NYC",10,TRUE,4
827,1,4,1,0,0,0,"NYC",2,FALSE,0
828,0,3,0,1,0,0,"NYC",2,FALSE,0
829,1,2,1,1,1,1,"SF",5,TRUE,0
830,1,1,1,0,0,0,"SF",7,TRUE,1
831,1,1,0,1,1,1,"NYC",10,TRUE,5
832,0,4,1,1,1,1,"SF",9,FALSE,0
833,0,4,1,0,0,1,"LA",7,TRUE,1
834,0,3,1,0,1,0,"LA",6,FALSE,0
835,0,2,1,0,0,0,"NYC",4,FALSE,0
836,1,4,0,0,0,1,"NYC",3,FALSE,0
837,0,5,0,1,1,1,"SF",3,FALSE,0
838,0,5,0,1,1,1,"LA",10,TRUE,8
839,0,4,1,0,1,1,"SF",2,FALSE,0
840,1,1,1,1,1,0,"SF",3,FALSE,0
841,1,4,1,0,1,1,"LA",1,FALSE,0
842,1,2,0,0,1,0,"LA",1,FALSE,0
843,1,1,1,1,1,1,"SF",1,FALSE,0
844,1,5,0,0,1,1,"SF",4,FALSE,0
845,1,1,1,0,0,0,"SF",3,FALSE,0
846,1,2,0,1,0,0,"NYC",2,FALSE,0
847,0,3,1,0,0,0,"LA",7,TRUE,0
848,0,2,0,1,0,0,"NYC",2,FALSE,0
849,1,5,0,0,0,1,"LA",2,FALSE,0
850,0,2,0,0,1,1,"NYC",7,FALSE,0
851,0,4,1,0,1,1,"LA",10,TRUE,6
852,0,2,0,0,0,1,"LA",4,FALSE,0
853,0,1,1,1,0,1,"NYC",4,FALSE,0
854,1,3,0,0,1,0,"SF",8,TRUE,1
855,1,1,0,1,1,0,"LA",9,TRUE,2
856,1,2,0,0,0,1,"NYC",3,FALSE,0
857,1,3,1,1,1,0,"SF",9,TRUE,9
858,0,2,1,1,1,0,"LA",3,FALSE,0
859,1,3,0,0,1,1,"NYC",6,FALSE,0
860,0,3,0,1,1,0,"SF",5,FALSE,0
861,0,4,1,1,1,1,"NYC",2,FALSE,0
862,0,1,0,1,1,0,"SF",6,FALSE,0
863,0,5,1,1,0,1,"SF",1,FALSE,0
864,1,5,1,1,1,0,"NYC",5,FALSE,0
865,1,3,1,1,1,0,"SF",3,FALSE,0
866,1,1,0,0,1,0,"NYC",3,FALSE,0
867,1,4,1,0,0,1,"SF",3,FALSE,0
868,0,2,1,1,1,0,"NYC",6,FALSE,0
869,0,1,0,0,1,0,"LA",9,TRUE,6
870,0,1,0,0,1,0,"SF",3,FALSE,0
871,0,1,0,1,1,0,"NYC",2,FALSE,0
872,1,3,0,1,1,0,"SF",5,FALSE,0
873,1,2,1,1,0,0,"LA",5,FALSE,0
874,0,4,0,1,1,1,"SF",7,FALSE,0
875,0,5,0,0,1,1,"LA",2,FALSE,0
876,0,2,1,1,1,1,"NYC",8,TRUE,4
877,0,1,0,1,1,0,"SF",7,TRUE,1
878,1,4,1,0,1,1,"SF",7,TRUE,6
879,1,1,0,0,1,0,"NYC",8,TRUE,3
880,1,5,0,1,0,0,"SF",5,FALSE,0
881,0,2,1,0,0,0,"NYC",2,FALSE,0
882,0,2,0,0,1,1,"LA",3,FALSE,0
883,1,1,1,1,1,0,"LA",9,TRUE,8
884,0,4,0,0,0,1,"LA",3,FALSE,0
885,0,3,0,0,1,1,"LA",3,FALSE,0
886,1,3,0,0,1,1,"NYC",5,FALSE,0
887,0,4,1,1,1,1,"SF",7,FALSE,0
888,1,1,1,0,0,0,"LA",8,TRUE,0
889,0,1,1,1,0,0,"NYC",10,TRUE,2
890,1,3,0,0,1,0,"SF",4,FALSE,0
891,1,3,0,0,1,0,"LA",3,FALSE,0
892,1,5,1,1,1,0,"SF",7,TRUE,8
893,0,5,0,0,1,1,"SF",8,TRUE,4
894,0,4,0,0,1,0,"LA",1,FALSE,0
895,1,4,1,1,0,1,"LA",7,TRUE,3
896,1,2,1,1,1,1,"NYC",9,TRUE,9
897,0,2,1,1,1,0,"SF",3,FALSE,0
898,0,4,0,0,0,0,"SF",10,TRUE,4
899,1,2,1,0,1,1,"SF",6,FALSE,0
900,1,5,0,1,0,0,"SF",4,FALSE,0
901,1,4,1,0,0,1,"SF",9,TRUE,7
902,0,3,1,0,1,0,"NYC",5,TRUE,0
903,1,5,1,0,0,0,"LA",9,TRUE,10
904,0,5,1,1,1,0,"LA",9,TRUE,5
905,0,1,0,1,0,1,"SF",5,FALSE,0
906,1,2,1,1,1,1,"LA",6,TRUE,3
907,0,3,0,0,0,1,"LA",6,FALSE,0
908,0,4,1,1,1,0,"SF",6,FALSE,0
909,1,4,1,1,1,0,"SF",8,TRUE,4
910,0,4,0,1,0,1,"SF",4,FALSE,0
911,1,1,1,0,1,0,"SF",8,FALSE,0
912,0,2,1,1,0,0,"SF",7,FALSE,0
913,0,5,0,1,1,0,"SF",7,TRUE,1
914,1,3,1,1,0,0,"NYC",5,FALSE,0
915,1,3,1,1,0,1,"LA",8,TRUE,8
916,1,4,0,0,0,0,"SF",1,FALSE,0
917,0,5,1,1,1,1,"LA",7,FALSE,0
918,1,3,0,1,0,1,"SF",10,TRUE,4
919,0,1,1,1,0,1,"NYC",7,FALSE,0
920,1,1,1,0,1,0,"LA",5,FALSE,0
921,0,3,1,0,0,0,"LA",1,FALSE,0
922,0,3,0,1,1,0,"LA",7,FALSE,0
923,0,1,1,1,1,0,"NYC",7,TRUE,2
924,1,1,1,1,0,0,"LA",3,FALSE,0
925,0,2,0,1,0,1,"SF",3,FALSE,0
926,1,1,1,0,1,1,"SF",9,TRUE,6
927,0,5,1,0,0,0,"SF",1,FALSE,0
928,0,1,0,0,0,0,"LA",9,FALSE,0
929,0,1,0,0,0,1,"LA",7,FALSE,0
930,1,1,0,0,1,1,"LA",6,FALSE,0
931,0,1,0,1,1,1,"SF",1,FALSE,0
932,0,3,1,0,0,0,"LA",8,TRUE,2
933,0,4,1,1,0,0,"LA",5,FALSE,0
934,0,2,1,1,1,0,"LA",10,TRUE,5
935,1,2,1,1,0,1,"SF",9,TRUE,8
936,0,2,0,1,0,0,"NYC",5,FALSE,0
937,1,1,0,0,1,0,"NYC",3,FALSE,0
938,1,4,1,0,0,0,"NYC",1,FALSE,0
939,0,3,0,1,0,1,"SF",6,FALSE,0
940,1,1,0,0,1,1,"SF",4,FALSE,0
941,1,2,1,0,0,1,"NYC",8,TRUE,4
942,1,2,1,1,1,1,"LA",9,TRUE,6
943,0,3,0,1,1,0,"SF",9,TRUE,5
944,1,1,0,0,0,1,"SF",8,TRUE,7
945,1,5,0,1,0,0,"LA",7,TRUE,3
946,1,2,1,1,0,0,"NYC",4,FALSE,0
947,0,5,0,0,1,1,"NYC",8,TRUE,4
948,0,5,0,0,1,0,"LA",5,FALSE,0
949,1,1,1,1,1,1,"SF",1,FALSE,0
950,0,5,1,1,0,0,"NYC",1,FALSE,0
951,0,2,0,1,1,1,"NYC",5,FALSE,0
952,0,1,0,1,0,1,"SF",3,FALSE,0
953,0,2,1,1,1,1,"NYC",4,FALSE,0
954,0,3,1,1,1,1,"LA",3,FALSE,0
955,1,2,0,0,1,1,"SF",2,FALSE,0
956,1,1,0,0,1,0,"LA",10,TRUE,7
957,0,2,1,0,0,0,"NYC",3,FALSE,0
958,1,3,0,1,0,0,"NYC",10,TRUE,4
959,1,4,0,0,0,0,"NYC",5,FALSE,0
960,1,4,1,1,0,0,"SF",8,TRUE,4
961,0,4,1,0,1,1,"NYC",1,FALSE,0
962,1,4,1,0,0,0,"NYC",5,TRUE,2
963,1,4,1,1,0,1,"NYC",3,FALSE,0
964,0,1,1,1,0,1,"NYC",6,FALSE,0
965,1,5,1,0,1,0,"NYC",2,FALSE,0
966,1,1,0,0,0,1,"LA",1,FALSE,0
967,1,5,1,0,1,0,"SF",7,TRUE,4
968,1,1,1,1,1,1,"NYC",1,FALSE,0
969,1,5,1,0,1,0,"NYC",8,TRUE,5
970,0,4,0,1,0,1,"LA",3,FALSE,0
971,1,4,1,1,1,1,"LA",2,FALSE,0
972,1,2,0,0,1,0,"LA",10,TRUE,8
973,1,2,1,1,0,0,"SF",3,FALSE,0
974,1,4,1,1,1,1,"SF",5,FALSE,0
975,1,3,0,1,0,1,"LA",8,TRUE,6
976,0,2,1,1,1,1,"SF",1,FALSE,0
977,1,1,0,1,0,1,"SF",2,FALSE,0
978,0,1,1,0,0,0,"LA",4,FALSE,0
979,1,1,1,0,1,1,"NYC",7,TRUE,4
980,1,4,1,1,1,1,"LA",5,FALSE,0
981,0,3,1,1,0,0,"SF",10,TRUE,4
982,1,1,0,0,0,0,"LA",4,FALSE,0
983,1,1,0,1,0,0,"NYC",8,TRUE,2
984,0,3,1,0,0,0,"LA",1,FALSE,0
985,0,4,0,1,0,1,"LA",5,FALSE,0
986,1,5,0,1,1,0,"LA",7,TRUE,6
987,1,4,1,1,1,1,"NYC",6,TRUE,1
988,0,2,1,1,0,0,"LA",10,TRUE,10
989,1,5,0,0,1,1,"SF",1,FALSE,0
990,1,3,0,0,1,1,"SF",10,TRUE,9
991,1,4,1,1,0,0,"LA",7,TRUE,4
992,1,3,0,1,1,0,"SF",2,FALSE,0
993,0,2,1,0,1,0,"LA",10,TRUE,2
994,0,1,1,1,0,0,"NYC",5,FALSE,0
995,1,4,1,1,1,1,"NYC",3,FALSE,0
996,0,4,0,0,1,0,"NYC",2,FALSE,0
997,1,3,0,0,1,1,"LA",6,TRUE,2
998,0,3,0,1,0,1,"LA",2,FALSE,0
999,1,3,0,1,0,0,"NYC",3,FALSE,0
1000,0,1,0,0,1,1,"NYC",3,FALSE,0
1001,1,4,1,1,0,1,"NYC",4,TRUE,3
1002,0,5,1,1,0,1,"SF",9,TRUE,4
1003,0,1,0,0,1,0,"LA",5,FALSE,0
1004,0,3,0,0,0,1,"NYC",2,FALSE,0
1005,1,1,0,0,1,0,"NYC",9,TRUE,6
1006,1,5,0,1,0,0,"NYC",1,FALSE,0
1007,1,4,0,0,1,1,"SF",7,TRUE,4
1008,1,5,1,1,0,0,"NYC",1,FALSE,0
1009,1,2,1,1,1,0,"NYC",6,TRUE,3
1010,0,2,0,0,0,1,"LA",1,FALSE,0
1011,1,3,1,1,1,0,"SF",6,FALSE,0
1012,0,2,0,0,1,0,"SF",8,TRUE,5
1013,0,2,0,1,1,0,"LA",10,TRUE,8
1014,1,1,1,0,1,0,"NYC",2,FALSE,0
1015,1,3,1,0,0,1,"NYC",5,FALSE,0
1016,0,2,0,1,1,1,"NYC",10,TRUE,8
1017,1,2,1,0,0,1,"LA",2,FALSE,0
1018,1,4,0,0,0,0,"LA",5,TRUE,0
1019,0,5,0,1,1,0,"SF",3,FALSE,0
1020,1,1,1,0,0,0,"LA",6,FALSE,0
1021,1,3,1,0,0,1,"LA",6,TRUE,2
1022,0,5,0,1,1,0,"NYC",9,TRUE,7
1023,1,3,0,1,0,0,"LA",6,TRUE,2
1024,0,2,1,1,1,1,"LA",4,FALSE,0
1025,1,5,1,0,1,1,"LA",2,FALSE,0
1026,1,5,1,1,1,0,"NYC",7,TRUE,6
1027,0,5,0,1,0,1,"SF",9,TRUE,6
1028,0,1,1,0,0,0,"NYC",4,FALSE,0
1029,0,1,1,1,0,0,"SF",1,FALSE,0
1030,0,5,0,1,1,0,"LA",8,TRUE,3
1031,0,5,1,1,1,1,"LA",3,FALSE,0
1032,1,3,1,0,0,0,"SF",9,TRUE,5
1033,1,5,1,0,1,0,"SF",6,TRUE,2
1034,1,3,0,0,1,0,"SF",3,FALSE,0
1035,1,3,0,0,0,1,"NYC",3,FALSE,0
1036,0,1,1,0,1,1,"LA",4,FALSE,0
1037,1,5,1,1,1,1,"NYC",6,TRUE,1
1038,0,1,1,1,1,0,"SF",2,FALSE,0
1039,0,3,0,0,1,1,"SF",7,FALSE,0
1040,1,3,1,0,0,0,"LA",6,TRUE,1
1041,1,1,0,0,0,0,"NYC",7,TRUE,1
1042,1,3,0,1,1,0,"LA",4,FALSE,0
1043,1,4,0,0,0,0,"LA",7,FALSE,0
1044,0,1,1,0,0,0,"NYC",10,TRUE,6
1045,1,3,0,0,1,0,"SF",4,FALSE,0
1046,0,5,0,0,0,1,"SF",9,TRUE,5
1047,1,4,1,1,1,0,"NYC",5,FALSE,0
1048,1,1,1,1,1,1,"SF",9,TRUE,11
1049,1,5,1,0,0,1,"SF",9,TRUE,8
1050,0,1,1,0,1,1,"SF",3,FALSE,0
1051,1,5,0,0,0,0,"SF",1,FALSE,0
1052,1,1,1,0,1,1,"LA",9,TRUE,4
1053,1,3,0,1,0,1,"LA",9,TRUE,6
1054,0,2,0,0,0,1,"SF",3,FALSE,0
1055,0,1,0,1,0,0,"LA",4,FALSE,0
1056,0,3,0,1,1,1,"LA",7,TRUE,2
1057,0,5,0,1,0,1,"LA",9,TRUE,3
1058,1,4,1,0,0,1,"LA",10,TRUE,11
1059,0,3,0,0,0,1,"SF",8,TRUE,1
1060,1,5,0,1,0,0,"LA",3,FALSE,0
1061,0,4,1,1,1,0,"SF",6,FALSE,0
1062,0,2,0,1,1,0,"SF",1,FALSE,0
1063,1,4,1,1,0,0,"NYC",9,TRUE,9
1064,0,1,0,0,0,0,"NYC",9,TRUE,6
1065,1,3,0,0,0,0,"NYC",7,TRUE,1
1066,0,2,1,1,0,1,"LA",8,TRUE,4
1067,1,2,1,0,1,1,"NYC",1,FALSE,0
1068,1,5,0,0,0,0,"LA",10,TRUE,7
1069,0,5,1,0,1,0,"NYC",8,TRUE,1
1070,0,1,1,0,0,0,"LA",2,FALSE,0
1071,0,1,1,1,0,1,"SF",8,TRUE,2
1072,1,1,0,0,0,0,"NYC",6,FALSE,0
1073,0,5,0,1,1,1,"NYC",9,TRUE,5
1074,0,1,1,0,0,1,"LA",2,FALSE,0
1075,1,5,0,0,1,1,"SF",7,TRUE,3
1076,1,2,1,1,0,1,"SF",7,TRUE,1
1077,0,5,0,0,1,1,"NYC",9,TRUE,0
1078,1,3,0,0,1,0,"LA",3,FALSE,0
1079,1,4,0,1,0,0,"LA",3,FALSE,0
1080,1,3,1,0,1,1,"NYC",5,FALSE,0
1081,1,1,0,1,0,0,"LA",2,FALSE,0
1082,1,2,1,0,1,0,"LA",4,FALSE,0
1083,0,3,0,0,1,0,"LA",10,TRUE,5
1084,1,3,0,0,1,1,"SF",1,FALSE,0
1085,1,2,0,1,1,0,"LA",10,TRUE,4
1086,1,5,0,0,1,0,"SF",5,FALSE,0
1087,1,2,1,1,1,1,"LA",10,TRUE,10
1088,0,1,0,1,1,0,"LA",8,TRUE,3
1089,1,4,0,1,1,1,"NYC",5,FALSE,0
1090,1,4,1,1,0,1,"NYC",6,TRUE,3
1091,0,4,1,0,0,0,"SF",9,TRUE,1
1092,1,5,1,0,1,1,"LA",3,FALSE,0
1093,1,4,1,0,1,0,"NYC",1,FALSE,0
1094,1,1,0,1,0,0,"NYC",9,TRUE,4
1095,0,3,0,0,0,0,"NYC",2,FALSE,0
1096,1,4,0,1,1,0,"NYC",1,FALSE,0
1097,1,2,0,0,0,1,"SF",8,TRUE,3
1098,0,1,1,1,0,1,"NYC",9,TRUE,5
1099,1,5,1,0,1,1,"LA",2,FALSE,0
1100,1,4,1,1,0,1,"NYC",3,FALSE,0
1101,1,5,1,0,1,1,"NYC",6,TRUE,3
1102,1,5,0,0,1,1,"NYC",1,FALSE,0
1103,1,2,1,0,1,0,"SF",7,FALSE,0
1104,0,3,1,0,0,0,"LA",2,FALSE,0
1105,0,1,1,1,1,0,"NYC",5,FALSE,0
1106,1,5,0,0,0,0,"LA",10,TRUE,9
1107,1,1,0,1,0,1,"NYC",3,FALSE,0
1108,0,3,0,1,0,0,"LA",7,FALSE,0
1109,1,3,0,0,1,0,"SF",2,FALSE,0
1110,1,4,0,1,0,0,"SF",8,TRUE,1
1111,1,1,1,1,1,0,"LA",3,FALSE,0
1112,1,4,1,1,1,0,"NYC",4,FALSE,0
1113,0,4,1,1,1,0,"NYC",3,FALSE,0
1114,1,3,0,0,1,0,"NYC",3,FALSE,0
1115,1,1,1,1,0,1,"LA",2,FALSE,0
1116,1,4,1,0,0,1,"SF",4,FALSE,0
1117,1,5,0,1,1,1,"NYC",4,FALSE,0
1118,1,1,1,1,1,0,"SF",6,FALSE,0
1119,1,4,1,0,1,1,"NYC",6,TRUE,2
1120,0,5,0,1,1,0,"LA",3,FALSE,0
1121,1,1,1,1,0,1,"NYC",9,TRUE,7
1122,1,3,1,0,0,0,"SF",5,FALSE,0
1123,0,3,0,1,1,0,"LA",5,FALSE,0
1124,0,5,0,0,0,1,"NYC",8,TRUE,1
1125,0,5,1,1,1,0,"SF",5,FALSE,0
1126,1,4,0,1,1,0,"NYC",5,FALSE,0
1127,0,4,1,1,0,1,"NYC",3,FALSE,0
1128,1,3,1,0,0,1,"LA",7,TRUE,1
1129,1,1,1,0,0,0,"LA",1,FALSE,0
1130,0,1,1,1,1,1,"LA",2,FALSE,0
1131,0,4,0,1,1,1,"LA",1,FALSE,0
1132,1,4,1,1,0,1,"NYC",8,TRUE,8
1133,0,3,0,0,0,0,"SF",1,FALSE,0
1134,1,2,0,0,1,1,"NYC",2,FALSE,0
1135,0,4,0,1,0,0,"LA",10,TRUE,7
1136,0,4,0,1,0,0,"NYC",2,FALSE,0
1137,0,2,1,0,1,1,"NYC",6,TRUE,1
1138,1,3,0,0,0,0,"NYC",3,FALSE,0
1139,1,4,1,1,0,1,"SF",8,TRUE,3
1140,1,1,1,0,1,0,"NYC",1,FALSE,0
1141,0,3,1,0,0,0,"LA",6,FALSE,0
1142,1,1,1,0,0,1,"LA",8,TRUE,5
1143,1,1,0,0,0,0,"SF",1,FALSE,0
1144,0,3,1,0,0,0,"LA",4,FALSE,0
1145,1,4,0,1,0,1,"SF",8,TRUE,2
1146,1,2,0,0,0,1,"LA",3,FALSE,0
1147,1,3,1,1,1,0,"LA",1,FALSE,0
1148,1,3,0,0,1,1,"LA",6,FALSE,0
1149,0,5,0,1,1,1,"NYC",3,FALSE,0
1150,0,3,0,1,1,1,"LA",5,FALSE,0
1151,1,5,0,0,1,1,"NYC",1,FALSE,0
1152,1,3,0,1,0,1,"SF",6,TRUE,2
1153,1,5,0,1,1,0,"SF",5,FALSE,0
1154,0,5,0,1,0,0,"SF",1,FALSE,0
1155,0,2,1,0,0,1,"SF",8,TRUE,5
1156,1,4,1,0,1,0,"LA",9,TRUE,10
1157,0,2,1,0,0,0,"SF",5,FALSE,0
1158,1,1,1,0,1,0,"LA",5,TRUE,1
1159,1,3,1,1,0,0,"SF",8,TRUE,3
1160,0,5,1,0,0,0,"SF",4,FALSE,0
1161,1,2,1,0,1,0,"SF",4,FALSE,0
1162,0,4,0,1,0,0,"LA",4,FALSE,0
1163,1,4,0,1,0,1,"NYC",5,FALSE,0
1164,0,4,0,1,0,1,"LA",4,FALSE,0
1165,0,3,0,1,0,0,"SF",6,FALSE,0
1166,1,5,1,1,1,0,"NYC",10,TRUE,5
1167,1,3,1,1,0,0,"NYC",4,FALSE,0
1168,1,2,0,0,0,0,"NYC",1,FALSE,0
1169,0,3,0,1,0,1,"LA",8,TRUE,2
1170,1,2,1,1,0,0,"NYC",5,FALSE,0
1171,0,4,0,0,1,1,"NYC",5,FALSE,0
1172,0,5,0,0,1,0,"LA",10,TRUE,5
1173,1,2,1,1,1,1,"LA",3,FALSE,0
1174,1,5,1,0,0,0,"NYC",1,FALSE,0
1175,0,2,0,1,0,1,"LA",2,FALSE,0
1176,1,5,0,0,0,1,"NYC",3,FALSE,0
1177,0,3,1,0,0,1,"LA",4,FALSE,0
1178,1,2,1,0,1,1,"LA",10,TRUE,7
1179,0,1,1,1,0,1,"LA",4,FALSE,0
1180,0,5,1,0,1,0,"SF",4,FALSE,0
1181,1,1,0,1,0,0,"SF",10,TRUE,7
1182,0,5,1,0,0,1,"NYC",1,FALSE,0
1183,0,5,1,1,1,0,"NYC",9,TRUE,8
1184,0,1,1,0,1,1,"LA",1,FALSE,0
1185,1,2,1,1,0,1,"LA",5,FALSE,0
1186,1,2,0,1,1,0,"NYC",4,FALSE,0
1187,0,4,1,1,0,1,"SF",1,FALSE,0
1188,1,3,1,1,1,0,"SF",7,TRUE,3
1189,1,5,1,1,0,0,"NYC",9,TRUE,6
1190,1,3,1,0,1,1,"NYC",5,FALSE,0
1191,1,4,0,1,1,1,"NYC",9,TRUE,6
1192,1,1,0,1,1,0,"SF",6,FALSE,0
1193,1,2,0,0,0,0,"LA",9,TRUE,6
1194,0,2,0,1,0,1,"SF",3,FALSE,0
1195,0,2,0,0,0,1,"LA",9,TRUE,4
1196,1,5,1,0,0,0,"SF",1,FALSE,0
1197,0,5,1,1,1,0,"SF",3,FALSE,0
1198,1,5,1,0,1,1,"SF",6,TRUE,3
1199,1,1,1,0,0,0,"NYC",2,FALSE,0
1200,0,1,0,0,0,0,"NYC",1,FALSE,0
1201,1,4,1,1,0,1,"LA",10,TRUE,11
1202,0,4,1,1,0,1,"LA",5,FALSE,0
1203,1,3,0,1,0,1,"NYC",1,FALSE,0
1204,0,3,1,0,0,1,"NYC",6,FALSE,0
1205,0,1,1,0,1,0,"SF",6,TRUE,2
1206,0,5,0,0,0,0,"SF",8,TRUE,1
1207,0,1,1,1,0,0,"SF",1,FALSE,0
1208,1,5,1,0,1,1,"SF",6,TRUE,1
1209,1,2,0,0,1,0,"NYC",1,FALSE,0
1210,1,2,0,0,1,1,"LA",6,FALSE,0
1211,1,2,0,1,1,0,"SF",6,FALSE,0
1212,1,1,0,1,0,1,"NYC",5,FALSE,0
1213,0,1,1,1,0,1,"LA",10,TRUE,5
1214,1,3,0,0,0,0,"SF",9,TRUE,4
1215,1,5,0,0,1,1,"LA",10,TRUE,8
1216,1,2,0,1,1,1,"NYC",3,FALSE,0
1217,0,1,0,1,1,1,"NYC",9,TRUE,2
1218,1,4,0,1,0,0,"NYC",5,FALSE,0
1219,1,1,1,1,1,0,"LA",7,TRUE,3
1220,1,4,0,0,0,0,"LA",2,FALSE,0
1221,1,5,0,1,0,0,"LA",6,TRUE,2
1222,0,2,1,0,0,0,"NYC",10,TRUE,7
1223,1,1,0,1,0,1,"LA",7,TRUE,0
1224,0,5,1,1,1,1,"SF",9,TRUE,3
1225,0,1,0,1,0,0,"LA",3,FALSE,0
1226,1,4,1,0,1,1,"SF",9,TRUE,8
1227,1,2,0,1,0,1,"SF",6,FALSE,0
1228,0,5,0,1,0,1,"SF",6,FALSE,0
1229,1,3,0,0,0,1,"SF",8,TRUE,3
1230,1,1,0,1,0,1,"NYC",4,FALSE,0
1231,1,3,0,0,1,0,"SF",6,TRUE,2
1232,1,5,0,0,0,1,"SF",1,FALSE,0
1233,0,3,1,1,1,1,"SF",4,FALSE,0
1234,1,3,0,1,1,0,"NYC",6,FALSE,0
1235,1,5,1,0,1,1,"SF",10,TRUE,10
1236,0,1,1,0,1,1,"SF",7,FALSE,0
1237,1,5,0,0,1,1,"SF",7,TRUE,1
1238,0,2,0,0,0,1,"NYC",5,FALSE,0
1239,1,3,1,0,1,0,"NYC",1,FALSE,0
1240,1,3,0,0,0,1,"SF",3,FALSE,0
1241,1,3,0,1,1,1,"NYC",8,TRUE,6
1242,1,1,0,0,1,1,"LA",1,FALSE,0
1243,0,2,1,1,0,1,"SF",8,TRUE,4
1244,1,4,1,0,0,1,"NYC",7,TRUE,8
1245,0,2,1,1,1,1,"SF",3,FALSE,0
1246,0,1,1,1,1,0,"SF",1,FALSE,0
1247,0,2,0,0,0,1,"SF",8,FALSE,0
1248,1,2,1,0,0,0,"SF",8,TRUE,5
1249,1,2,1,1,1,0,"NYC",7,TRUE,1
1250,0,4,0,1,1,0,"NYC",9,TRUE,5
1251,0,2,1,1,0,0,"SF",1,FALSE,0
1252,0,3,1,0,0,0,"SF",8,TRUE,3
1253,1,2,0,0,0,1,"LA",1,FALSE,0
1254,1,1,0,1,1,1,"SF",6,TRUE,2
1255,1,4,1,0,0,1,"NYC",2,FALSE,0
1256,1,1,1,1,0,0,"SF",5,FALSE,0
1257,1,5,0,0,0,0,"NYC",10,TRUE,7
1258,1,5,1,1,0,0,"SF",3,FALSE,0
1259,0,5,1,0,0,0,"LA",10,TRUE,5
1260,1,3,0,1,1,0,"NYC",4,FALSE,0
1261,1,4,1,0,1,1,"LA",8,TRUE,8
1262,1,1,0,1,0,0,"NYC",6,TRUE,1
1263,1,2,1,1,0,1,"LA",9,TRUE,7
1264,0,5,1,0,1,1,"LA",5,FALSE,0
1265,1,1,1,0,0,1,"NYC",1,FALSE,0
1266,0,3,0,0,0,0,"LA",1,FALSE,0
1267,1,2,0,0,1,1,"LA",2,FALSE,0
1268,0,4,0,1,0,0,"LA",10,TRUE,5
1269,0,5,0,1,1,1,"LA",9,TRUE,5
1270,1,4,1,0,1,0,"SF",1,FALSE,0
1271,0,1,0,0,1,0,"LA",2,FALSE,0
1272,0,5,0,1,1,1,"NYC",9,TRUE,3
1273,1,4,1,1,0,1,"SF",1,FALSE,0
1274,0,3,1,1,1,1,"NYC",2,FALSE,0
1275,1,3,0,0,0,0,"SF",4,FALSE,0
1276,0,2,0,0,1,0,"NYC",8,TRUE,2
1277,0,4,0,0,0,1,"LA",8,TRUE,4
1278,1,4,0,1,0,1,"LA",5,FALSE,0
1279,1,4,0,0,1,0,"LA",9,TRUE,8
1280,1,4,1,0,1,0,"SF",10,TRUE,7
1281,1,4,1,1,0,1,"NYC",1,FALSE,0
1282,1,2,0,0,1,0,"SF",4,FALSE,0
1283,1,2,0,1,0,1,"SF",7,TRUE,3
1284,0,4,1,0,1,0,"LA",6,FALSE,0
1285,1,3,0,1,0,1,"LA",2,FALSE,0
1286,1,2,1,1,0,0,"SF",7,TRUE,3
1287,0,4,0,1,0,0,"NYC",3,FALSE,0
1288,1,3,1,1,1,0,"NYC",2,FALSE,0
1289,0,1,1,0,1,1,"SF",1,FALSE,0
1290,0,5,1,1,1,1,"LA",6,FALSE,0
1291,0,1,0,1,1,0,"NYC",6,FALSE,0
1292,1,5,1,1,1,1,"LA",4,TRUE,0
1293,0,5,1,0,1,0,"NYC",5,FALSE,0
1294,1,3,1,0,0,1,"SF",5,FALSE,0
1295,0,5,1,1,1,1,"NYC",10,TRUE,7
1296,0,3,1,0,1,1,"SF",8,TRUE,3
1297,1,4,1,1,1,0,"NYC",6,FALSE,0
1298,0,5,1,0,1,1,"NYC",10,TRUE,6
1299,1,4,0,0,1,0,"NYC",7,TRUE,1
1300,0,5,1,0,1,0,"NYC",3,FALSE,0
1301,1,3,1,1,1,0,"SF",1,FALSE,0
1302,1,4,0,0,0,0,"LA",2,FALSE,0
1303,1,1,1,1,0,0,"NYC",10,TRUE,7
1304,1,5,1,1,1,1,"NYC",5,FALSE,0
1305,1,1,0,0,0,1,"SF",5,FALSE,0
1306,1,1,1,0,0,1,"SF",7,TRUE,1
1307,1,2,1,0,1,1,"NYC",1,FALSE,0
1308,0,1,0,1,0,1,"NYC",1,FALSE,0
1309,1,2,0,1,1,1,"LA",10,TRUE,8
1310,0,4,1,1,0,1,"NYC",2,FALSE,0
1311,0,2,0,0,1,1,"LA",2,FALSE,0
1312,0,1,0,1,0,1,"NYC",5,FALSE,0
1313,1,3,1,1,0,0,"LA",1,FALSE,0
1314,0,2,0,1,0,1,"LA",3,FALSE,0
1315,0,5,0,1,1,1,"LA",10,TRUE,8
1316,1,3,0,1,0,1,"SF",9,TRUE,5
1317,0,2,0,0,1,1,"SF",3,FALSE,0
1318,1,2,0,0,1,1,"SF",2,FALSE,0
1319,0,5,1,0,1,1,"NYC",1,FALSE,0
1320,1,1,0,0,1,1,"SF",9,TRUE,4
1321,0,2,0,0,1,0,"LA",3,FALSE,0
1322,1,2,0,0,0,1,"LA",2,FALSE,0
1323,1,2,0,0,0,0,"NYC",9,TRUE,4
1324,1,1,1,0,1,0,"LA",10,TRUE,12
1325,1,4,0,0,0,0,"NYC",10,TRUE,5
1326,1,2,1,1,0,1,"LA",6,TRUE,1
1327,0,2,0,1,1,1,"LA",6,FALSE,0
1328,0,5,1,0,0,0,"SF",8,TRUE,4
1329,1,3,1,0,0,0,"LA",4,FALSE,0
1330,0,4,0,0,1,0,"SF",2,FALSE,0
1331,0,5,1,0,1,1,"NYC",1,FALSE,0
1332,0,5,0,0,1,0,"LA",2,FALSE,0
1333,1,1,0,1,0,0,"SF",7,TRUE,2
1334,1,4,0,1,1,0,"SF",7,TRUE,2
1335,1,4,0,1,0,1,"SF",4,FALSE,0
1336,1,1,1,1,0,1,"SF",5,FALSE,0
1337,0,2,1,1,0,0,"LA",10,TRUE,7
1338,0,5,1,0,1,0,"LA",1,FALSE,0
1339,0,3,0,0,0,0,"LA",10,TRUE,2
1340,0,5,1,1,0,1,"NYC",9,TRUE,5
1341,1,3,1,0,0,1,"NYC",7,TRUE,8
1342,0,5,1,0,0,0,"NYC",5,FALSE,0
1343,1,3,1,1,0,0,"SF",7,TRUE,2
1344,0,2,0,0,1,1,"NYC",5,FALSE,0
1345,0,4,1,0,1,1,"NYC",2,FALSE,0
1346,0,4,1,0,0,0,"NYC",8,TRUE,3
1347,1,3,1,0,0,0,"LA",7,TRUE,3
1348,0,1,0,1,1,0,"NYC",10,TRUE,5
1349,0,4,1,1,0,0,"SF",8,TRUE,3
1350,1,2,0,0,0,0,"LA",9,TRUE,5
1351,0,3,1,0,0,1,"NYC",3,FALSE,0
1352,1,1,0,0,0,1,"SF",6,FALSE,0
1353,0,1,1,1,1,0,"LA",7,FALSE,0
1354,1,3,0,1,1,0,"LA",3,FALSE,0
1355,0,2,1,0,0,1,"LA",8,TRUE,0
1356,0,5,1,0,0,1,"LA",1,FALSE,0
1357,0,3,1,1,1,1,"LA",9,TRUE,9
1358,0,1,0,1,1,0,"NYC",6,FALSE,0
1359,1,3,1,0,1,1,"SF",9,TRUE,9
1360,1,5,1,0,1,0,"NYC",3,FALSE,0
1361,1,1,1,0,0,1,"NYC",3,FALSE,0
1362,0,4,1,0,1,0,"SF",6,FALSE,0
1363,0,4,0,1,0,0,"SF",9,TRUE,5
1364,1,1,1,1,0,1,"NYC",9,TRUE,5
1365,1,2,0,1,0,0,"SF",3,FALSE,0
1366,1,3,0,1,1,1,"SF",5,FALSE,0
1367,1,2,0,0,0,0,"NYC",7,TRUE,0
1368,1,4,0,1,0,0,"LA",2,FALSE,0
1369,0,3,1,0,0,1,"NYC",6,FALSE,0
1370,0,3,1,1,1,1,"LA",8,TRUE,4
1371,0,1,0,0,0,1,"SF",5,FALSE,0
1372,0,4,1,0,1,1,"SF",3,FALSE,0
1373,0,3,1,0,1,0,"SF",10,TRUE,5
1374,0,3,0,0,0,1,"NYC",5,FALSE,0
1375,1,2,1,1,0,1,"NYC",4,FALSE,0
1376,0,3,0,1,1,1,"SF",4,FALSE,0
1377,1,1,0,1,1,0,"NYC",7,FALSE,0
1378,0,5,1,0,0,1,"LA",1,FALSE,0
1379,1,4,0,1,1,0,"NYC",2,FALSE,0
1380,0,1,1,1,0,0,"LA",5,FALSE,0
1381,0,1,0,1,0,1,"SF",3,FALSE,0
1382,1,2,1,1,0,0,"SF",7,TRUE,4
1383,1,3,1,1,0,1,"LA",8,TRUE,5
1384,0,3,0,1,1,1,"LA",5,FALSE,0
1385,1,3,1,1,0,1,"LA",7,FALSE,0
1386,0,1,1,0,0,0,"NYC",3,FALSE,0
1387,0,1,0,1,0,1,"NYC",6,FALSE,0
1388,1,2,0,0,0,0,"NYC",8,TRUE,3
1389,0,2,0,1,1,1,"SF",10,TRUE,5
1390,0,3,0,1,0,1,"SF",6,TRUE,1
1391,0,3,1,1,1,0,"SF",10,TRUE,5
1392,0,1,1,0,0,1,"SF",8,TRUE,7
1393,0,3,1,1,1,1,"NYC",10,TRUE,6
1394,1,5,0,1,1,1,"LA",6,FALSE,0
1395,0,2,0,0,0,0,"SF",3,FALSE,0
1396,1,1,0,0,0,1,"LA",7,TRUE,1
1397,1,2,0,1,0,0,"SF",1,FALSE,0
1398,0,2,0,0,1,1,"LA",6,FALSE,0
1399,1,3,0,1,1,0,"LA",5,FALSE,0
1400,1,3,0,0,0,1,"LA",2,FALSE,0
1401,1,4,1,1,1,1,"SF",7,TRUE,5
1402,0,2,0,1,0,0,"NYC",3,FALSE,0
1403,1,5,0,1,1,0,"SF",3,FALSE,0
1404,0,5,1,1,0,0,"LA",4,FALSE,0
1405,1,4,1,1,1,1,"NYC",1,FALSE,0
1406,1,1,1,1,1,0,"SF",6,FALSE,0
1407,0,5,1,0,1,0,"SF",5,FALSE,0
1408,0,5,1,1,0,1,"LA",2,FALSE,0
1409,1,1,0,0,0,1,"SF",7,TRUE,3
1410,0,2,0,1,0,0,"LA",10,TRUE,7
1411,0,3,1,1,1,0,"NYC",1,FALSE,0
1412,0,4,0,0,1,1,"SF",5,FALSE,0
1413,0,3,0,0,0,0,"LA",5,FALSE,0
1414,0,1,0,0,1,1,"SF",8,FALSE,0
1415,1,5,1,0,0,0,"NYC",3,FALSE,0
1416,1,5,0,1,1,1,"NYC",1,FALSE,0
1417,0,3,1,1,1,0,"SF",4,FALSE,0
1418,0,4,0,1,1,1,"SF",8,TRUE,4
1419,0,4,0,0,0,0,"SF",2,FALSE,0
1420,0,4,1,0,1,0,"SF",4,FALSE,0
1421,1,3,0,1,1,1,"LA",8,TRUE,4
1422,1,4,0,1,0,0,"NYC",8,TRUE,4
1423,1,2,0,0,1,1,"NYC",5,FALSE,0
1424,1,4,1,1,1,0,"NYC",6,TRUE,4
1425,1,3,1,1,0,1,"LA",7,TRUE,8
1426,1,3,0,0,1,0,"LA",9,TRUE,5
1427,1,5,0,0,1,0,"LA",7,TRUE,3
1428,1,1,1,1,1,0,"SF",4,FALSE,0
1429,1,5,1,0,1,1,"NYC",2,FALSE,0
1430,1,5,0,0,0,0,"NYC",8,TRUE,6
1431,1,2,0,0,0,1,"LA",8,TRUE,0
1432,1,1,1,0,1,0,"NYC",1,FALSE,0
1433,0,4,0,1,1,0,"NYC",7,FALSE,0
1434,1,2,1,0,1,1,"SF",2,FALSE,0
1435,0,2,1,1,1,1,"NYC",10,TRUE,4
1436,1,5,0,1,1,1,"LA",6,TRUE,3
1437,1,2,0,0,1,0,"LA",4,FALSE,0
1438,0,2,0,1,0,0,"NYC",6,FALSE,0
1439,0,2,1,0,0,1,"NYC",10,TRUE,5
1440,1,5,1,0,1,1,"SF",3,FALSE,0
1441,1,4,0,1,0,0,"NYC",6,FALSE,0
1442,1,5,1,0,1,1,"LA",9,TRUE,10
1443,0,2,0,0,0,1,"LA",8,TRUE,2
1444,1,1,1,0,1,0,"LA",9,TRUE,7
1445,0,5,0,0,0,0,"NYC",7,FALSE,0
1446,0,4,1,1,0,0,"LA",3,FALSE,0
1447,0,4,0,1,1,1,"LA",8,FALSE,0
1448,0,5,0,1,0,0,"NYC",10,TRUE,5
1449,1,4,1,1,0,0,"NYC",2,FALSE,0
1450,0,1,1,0,1,1,"LA",8,TRUE,2
1451,0,2,1,0,0,1,"LA",8,TRUE,1
1452,0,1,0,0,1,0,"LA",8,TRUE,2
1453,0,4,1,0,0,1,"LA",2,FALSE,0
1454,0,4,0,0,0,1,"LA",1,FALSE,0
1455,0,3,1,0,1,1,"SF",9,TRUE,5
1456,1,2,0,1,1,0,"SF",5,FALSE,0
1457,0,1,1,0,0,0,"NYC",7,TRUE,0
1458,0,4,0,0,0,1,"NYC",3,FALSE,0
1459,1,2,0,0,1,1,"SF",6,TRUE,2
1460,0,1,0,0,0,1,"NYC",8,TRUE,2
1461,1,1,1,1,1,1,"NYC",9,TRUE,6
1462,0,4,1,0,1,0,"LA",3,FALSE,0
1463,0,5,0,0,0,1,"SF",1,FALSE,0
1464,1,2,1,1,0,0,"LA",8,TRUE,4
1465,0,4,0,1,0,1,"NYC",7,FALSE,0
1466,1,5,0,0,1,0,"NYC",5,FALSE,0
1467,0,1,1,0,0,0,"SF",3,FALSE,0
1468,0,3,0,1,0,0,"LA",7,FALSE,0
1469,1,3,1,1,0,0,"SF",4,FALSE,0
1470,1,1,0,0,1,0,"SF",9,TRUE,2
1471,0,4,0,1,1,0,"NYC",5,FALSE,0
1472,0,4,0,0,1,1,"LA",9,TRUE,9
1473,0,1,0,0,0,0,"LA",7,TRUE,1
1474,0,5,1,0,1,0,"SF",9,TRUE,2
1475,0,3,0,0,1,0,"SF",9,TRUE,9
1476,1,1,1,0,0,0,"NYC",7,FALSE,0
1477,0,5,0,0,0,0,"LA",4,FALSE,0
1478,0,3,0,0,1,1,"SF",3,FALSE,0
1479,1,2,0,0,1,1,"LA",9,TRUE,7
1480,0,1,0,0,0,0,"LA",2,FALSE,0
1481,1,4,0,0,1,0,"SF",8,TRUE,2
1482,0,2,1,1,1,1,"NYC",1,FALSE,0
1483,1,3,1,0,1,1,"SF",10,TRUE,12
1484,1,5,1,1,1,1,"NYC",7,TRUE,4
1485,0,4,1,0,1,1,"SF",2,FALSE,0
1486,1,5,1,0,1,0,"LA",10,TRUE,11
1487,0,3,1,0,0,0,"LA",3,FALSE,0
1488,1,2,1,1,0,1,"LA",2,FALSE,0
1489,0,3,1,1,0,0,"NYC",5,FALSE,0
1490,1,5,0,1,1,0,"SF",8,TRUE,6
1491,1,5,1,0,1,1,"SF",1,FALSE,0
1492,1,2,0,0,1,1,"LA",1,FALSE,0
1493,0,1,0,1,1,0,"LA",8,TRUE,1
1494,0,1,1,1,0,1,"SF",2,FALSE,0
1495,0,4,1,0,0,1,"LA",8,TRUE,1
1496,1,4,0,1,1,1,"SF",3,FALSE,0
1497,0,5,0,0,1,0,"SF",4,FALSE,0
1498,1,4,1,1,1,0,"NYC",7,TRUE,3
1499,1,2,1,1,1,1,"LA",2,FALSE,0
1500,1,1,0,0,1,1,"NYC",4,FALSE,0
1501,0,3,0,0,0,0,"NYC",1,FALSE,0
1502,0,4,1,0,1,0,"NYC",3,FALSE,0
1503,1,4,0,0,1,1,"NYC",7,TRUE,7
1504,0,2,1,0,1,1,"SF",8,TRUE,2
1505,1,1,1,1,1,1,"LA",3,FALSE,0
1506,0,1,0,1,1,1,"LA",7,FALSE,0
1507,0,1,1,0,0,1,"NYC",2,FALSE,0
1508,0,5,1,0,1,0,"SF",2,FALSE,0
1509,0,4,1,0,0,1,"LA",9,TRUE,6
1510,0,2,0,0,0,1,"SF",10,TRUE,8
1511,0,1,1,1,0,0,"SF",7,FALSE,0
1512,0,2,0,1,1,1,"NYC",1,FALSE,0
1513,1,1,1,0,0,1,"NYC",2,FALSE,0
1514,1,5,1,0,1,0,"LA",9,TRUE,7
1515,1,5,0,0,0,0,"NYC",9,TRUE,8
1516,1,4,0,1,1,1,"SF",1,FALSE,0
1517,1,1,0,1,1,0,"LA",6,FALSE,0
1518,0,2,1,1,1,1,"SF",6,FALSE,0
1519,1,4,0,0,1,1,"SF",9,TRUE,5
1520,0,4,0,1,0,0,"LA",7,TRUE,1
1521,0,4,0,0,0,1,"SF",9,TRUE,4
1522,1,2,0,1,0,0,"SF",3,FALSE,0
1523,0,4,0,1,0,0,"SF",8,TRUE,3
1524,1,2,1,1,0,1,"SF",10,TRUE,9
1525,1,5,1,0,1,0,"LA",6,TRUE,0
1526,0,3,1,1,1,0,"SF",10,TRUE,5
1527,1,1,1,0,1,0,"NYC",9,TRUE,7
1528,0,3,0,0,1,1,"SF",9,TRUE,3
1529,0,5,0,0,1,1,"NYC",4,FALSE,0
1530,0,1,1,1,0,1,"LA",9,TRUE,1
1531,0,4,0,1,0,0,"LA",9,TRUE,6
1532,0,4,0,0,1,0,"NYC",5,FALSE,0
1533,1,3,0,0,1,1,"LA",1,FALSE,0
1534,1,4,1,0,0,0,"LA",2,FALSE,0
1535,0,1,1,1,0,0,"SF",3,FALSE,0
1536,0,1,1,1,1,0,"NYC",5,FALSE,0
1537,0,3,1,0,1,0,"SF",8,TRUE,1
1538,1,4,0,1,1,0,"LA",1,FALSE,0
1539,0,2,1,1,0,1,"SF",7,FALSE,0
1540,0,1,0,0,1,0,"LA",10,TRUE,6
1541,1,4,1,0,0,1,"LA",5,TRUE,2
1542,1,1,0,0,1,1,"LA",7,FALSE,0
1543,1,1,0,1,0,0,"SF",9,TRUE,6
1544,1,2,1,1,1,0,"LA",10,TRUE,10
1545,0,2,0,1,1,0,"NYC",2,FALSE,0
1546,0,1,1,0,1,0,"NYC",6,FALSE,0
1547,1,4,1,0,1,0,"LA",3,FALSE,0
1548,1,4,1,1,1,0,"LA",3,FALSE,0
1549,0,3,0,1,1,1,"SF",8,TRUE,3
1550,1,3,1,0,1,0,"SF",7,FALSE,0
1551,1,5,1,0,1,0,"SF",2,FALSE,0
1552,0,4,0,1,0,1,"LA",5,FALSE,0
1553,1,1,0,0,1,0,"SF",6,FALSE,0
1554,1,2,0,0,0,0,"NYC",3,FALSE,0
1555,0,1,1,0,1,0,"SF",1,FALSE,0
1556,1,5,1,1,1,0,"SF",9,TRUE,7
1557,0,3,1,1,1,1,"NYC",8,TRUE,5
1558,1,1,0,0,1,1,"LA",9,TRUE,5
1559,1,1,1,0,0,0,"LA",1,FALSE,0
1560,0,3,1,1,1,1,"LA",8,TRUE,4
1561,0,3,0,0,1,0,"SF",8,TRUE,4
1562,0,5,0,0,1,1,"NYC",8,TRUE,1
1563,0,2,1,1,0,0,"SF",10,TRUE,4
1564,0,2,0,1,1,1,"NYC",10,TRUE,4
1565,1,1,1,1,1,0,"LA",8,FALSE,0
1566,1,4,0,1,0,1,"NYC",8,TRUE,4
1567,1,5,1,0,1,0,"LA",8,TRUE,3
1568,1,4,0,1,1,0,"NYC",2,FALSE,0
1569,0,4,0,1,0,1,"SF",2,FALSE,0
1570,1,5,1,0,0,1,"NYC",2,FALSE,0
1571,1,3,0,1,0,1,"LA",3,FALSE,0
1572,0,4,0,1,0,1,"SF",2,FALSE,0
1573,1,2,0,0,0,0,"SF",9,TRUE,5
1574,0,4,1,1,1,1,"NYC",9,TRUE,4
1575,0,3,0,1,1,1,"SF",7,TRUE,3
1576,0,1,0,0,0,0,"NYC",5,FALSE,0
1577,0,4,0,0,1,1,"NYC",10,TRUE,6
1578,1,5,1,1,0,0,"LA",6,TRUE,3
1579,1,3,1,0,1,0,"SF",2,FALSE,0
1580,0,1,0,0,0,0,"SF",1,FALSE,0
1581,0,3,0,1,1,0,"NYC",2,FALSE,0
1582,1,3,1,1,0,0,"LA",2,FALSE,0
1583,1,3,1,0,0,1,"LA",10,TRUE,10
1584,0,4,0,0,0,1,"NYC",5,FALSE,0
1585,1,1,1,0,1,1,"SF",8,TRUE,1
1586,1,3,1,0,1,0,"SF",3,FALSE,0
1587,1,3,0,0,1,0,"NYC",2,FALSE,0
1588,0,3,1,1,1,0,"NYC",8,TRUE,2
1589,1,3,1,0,0,1,"SF",9,TRUE,4
1590,1,2,1,0,0,0,"LA",9,TRUE,6
1591,0,4,0,0,1,0,"SF",7,FALSE,0
1592,0,2,1,0,0,1,"NYC",2,FALSE,0
1593,1,2,1,1,0,0,"NYC",5,FALSE,0
1594,1,2,1,0,1,0,"SF",9,TRUE,5
1595,1,2,1,0,1,1,"LA",3,FALSE,0
1596,0,5,0,0,0,0,"NYC",10,TRUE,8
1597,1,2,1,0,1,1,"SF",9,TRUE,6
1598,0,5,0,0,1,0,"SF",5,FALSE,0
1599,1,4,1,0,1,1,"NYC",8,TRUE,9
1600,0,1,1,0,1,0,"LA",2,FALSE,0
1601,0,5,1,1,1,1,"SF",6,FALSE,0
1602,1,5,0,0,0,0,"NYC",8,TRUE,5
1603,1,4,0,1,1,1,"SF",6,TRUE,3
1604,1,5,1,0,0,0,"SF",10,TRUE,9
1605,0,3,1,1,1,0,"SF",6,TRUE,3
1606,1,2,0,0,0,0,"SF",4,FALSE,0
1607,1,5,1,0,0,1,"SF",1,FALSE,0
1608,1,5,0,1,1,1,"NYC",8,TRUE,6
1609,1,3,0,0,1,0,"SF",9,TRUE,7
1610,1,3,1,0,0,0,"LA",6,FALSE,0
1611,1,1,1,0,1,0,"LA",6,TRUE,2
1612,1,5,1,1,1,0,"NYC",2,FALSE,0
1613,1,1,1,1,1,1,"LA",9,TRUE,9
1614,0,4,1,0,0,0,"LA",8,TRUE,3
1615,1,3,0,1,1,0,"SF",3,FALSE,0
1616,1,4,0,1,0,0,"SF",10,TRUE,8
1617,1,5,1,0,1,1,"SF",3,FALSE,0
1618,0,4,0,1,1,0,"NYC",9,TRUE,6
1619,1,4,0,1,0,1,"NYC",6,TRUE,1
1620,0,4,0,0,1,0,"NYC",7,TRUE,3
1621,1,3,0,0,0,1,"NYC",10,TRUE,9
1622,1,2,1,1,1,1,"LA",7,TRUE,2
1623,1,4,0,0,0,1,"NYC",5,FALSE,0
1624,0,4,1,1,0,0,"LA",9,TRUE,2
1625,1,2,0,0,0,0,"LA",5,FALSE,0
1626,0,3,0,1,1,0,"LA",4,FALSE,0
1627,0,4,0,0,1,0,"LA",10,TRUE,9
1628,1,4,1,0,0,0,"SF",7,FALSE,0
1629,1,3,0,0,1,0,"SF",3,FALSE,0
1630,0,1,0,0,0,0,"LA",3,FALSE,0
1631,1,5,1,1,1,0,"NYC",3,FALSE,0
1632,0,2,0,1,0,1,"LA",7,TRUE,1
1633,0,3,0,1,1,0,"SF",5,FALSE,0
1634,0,4,0,1,0,1,"LA",6,TRUE,0
1635,1,2,0,1,0,0,"NYC",2,FALSE,0
1636,1,5,1,0,1,0,"SF",4,TRUE,0
1637,0,4,1,1,1,1,"NYC",6,FALSE,0
1638,0,1,1,1,0,0,"SF",6,FALSE,0
1639,1,4,1,1,1,1,"LA",10,TRUE,12
1640,0,2,1,0,1,1,"LA",5,FALSE,0
1641,0,2,0,1,1,0,"NYC",4,FALSE,0
1642,0,1,0,1,0,0,"NYC",3,FALSE,0
1643,0,5,1,0,0,0,"NYC",7,TRUE,2
1644,1,2,0,1,1,1,"LA",6,FALSE,0
1645,0,4,1,0,1,1,"SF",2,FALSE,0
1646,1,5,0,1,1,0,"NYC",9,TRUE,7
1647,1,1,0,1,0,1,"SF",7,TRUE,3
1648,1,3,1,0,1,0,"LA",8,TRUE,3
1649,1,4,0,1,1,0,"NYC",8,TRUE,4
1650,1,4,0,1,1,1,"SF",6,TRUE,1
1651,0,5,1,1,0,0,"NYC",5,FALSE,0
1652,1,1,1,0,1,0,"SF",9,TRUE,5
1653,0,5,0,0,0,1,"NYC",9,TRUE,8
1654,0,2,0,1,0,1,"NYC",5,FALSE,0
1655,1,4,0,1,1,1,"SF",10,TRUE,6
1656,0,5,1,1,1,1,"SF",1,FALSE,0
1657,1,5,1,1,1,1,"LA",10,TRUE,11
1658,1,3,1,1,1,0,"SF",2,FALSE,0
1659,0,1,0,1,1,1,"LA",3,FALSE,0
1660,0,3,1,1,0,0,"SF",7,FALSE,0
1661,1,2,0,1,1,1,"NYC",6,FALSE,0
1662,1,4,1,1,0,0,"NYC",6,TRUE,1
1663,1,5,0,1,1,1,"NYC",2,FALSE,0
1664,0,3,1,0,0,0,"LA",1,FALSE,0
1665,0,2,1,1,0,0,"SF",3,FALSE,0
1666,0,2,0,1,1,0,"LA",9,TRUE,3
1667,1,4,0,0,1,0,"LA",2,FALSE,0
1668,1,2,0,0,1,0,"SF",10,TRUE,7
1669,1,2,1,0,1,0,"SF",8,TRUE,4
1670,0,5,1,0,0,0,"SF",8,FALSE,0
1671,1,1,0,0,1,0,"NYC",9,TRUE,6
1672,1,2,1,0,0,1,"SF",4,FALSE,0
1673,0,5,1,0,1,1,"LA",4,FALSE,0
1674,0,1,1,0,0,1,"NYC",1,FALSE,0
1675,0,5,0,1,0,0,"LA",2,FALSE,0
1676,0,3,0,0,0,1,"LA",7,FALSE,0
1677,1,5,0,0,0,1,"SF",8,TRUE,7
1678,0,4,1,1,0,0,"NYC",9,TRUE,5
1679,1,4,1,1,0,0,"LA",5,FALSE,0
1680,0,2,1,1,0,1,"NYC",5,FALSE,0
1681,0,4,1,1,1,0,"SF",6,FALSE,0
1682,1,5,1,0,1,1,"SF",10,TRUE,11
1683,1,2,0,0,0,0,"LA",1,FALSE,0
1684,1,1,1,1,1,1,"LA",10,TRUE,10
1685,1,5,1,1,1,0,"NYC",5,FALSE,0
1686,1,2,0,0,0,0,"LA",6,FALSE,0
1687,0,3,1,0,0,1,"SF",5,FALSE,0
1688,1,2,1,1,0,1,"SF",1,FALSE,0
1689,1,1,1,1,0,1,"LA",10,TRUE,6
1690,1,3,1,0,0,0,"LA",5,FALSE,0
1691,0,4,1,0,1,0,"NYC",8,TRUE,4
1692,1,5,0,0,0,0,"SF",8,TRUE,2
1693,1,3,1,0,1,0,"SF",1,FALSE,0
1694,0,3,0,0,0,0,"SF",7,TRUE,2
1695,1,4,0,1,0,0,"SF",3,FALSE,0
1696,0,2,1,0,0,0,"NYC",10,TRUE,6
1697,0,2,0,1,1,0,"NYC",4,FALSE,0
1698,1,4,0,0,1,1,"LA",7,TRUE,3
1699,0,3,0,1,1,1,"LA",7,FALSE,0
1700,0,4,1,0,1,1,"LA",7,TRUE,2
1701,1,3,0,0,0,0,"LA",6,FALSE,0
1702,1,4,0,0,0,0,"LA",9,TRUE,3
1703,1,2,0,0,1,0,"LA",4,FALSE,0
1704,0,1,0,1,1,1,"NYC",9,TRUE,3
1705,0,5,1,1,0,1,"SF",3,FALSE,0
1706,0,1,0,1,1,0,"NYC",3,FALSE,0
1707,0,2,1,0,0,0,"SF",8,TRUE,1
1708,0,5,0,1,1,0,"NYC",9,TRUE,4
1709,1,1,0,0,0,1,"NYC",1,FALSE,0
1710,1,2,0,0,0,0,"NYC",4,FALSE,0
1711,0,3,1,0,1,1,"SF",10,TRUE,5
1712,1,4,1,1,1,0,"NYC",1,FALSE,0
1713,1,1,0,0,0,0,"NYC",10,TRUE,5
1714,0,4,0,1,0,0,"LA",5,FALSE,0
1715,1,3,1,1,1,0,"NYC",9,TRUE,7
1716,1,5,0,0,0,0,"NYC",5,FALSE,0
1717,0,4,1,0,1,1,"SF",8,TRUE,5
1718,0,5,1,0,0,1,"SF",4,FALSE,0
1719,1,3,0,1,1,0,"NYC",2,FALSE,0
1720,0,3,1,1,0,1,"LA",1,FALSE,0
1721,0,2,1,1,0,0,"LA",3,FALSE,0
1722,1,4,0,0,1,0,"LA",7,TRUE,1
1723,0,2,1,1,1,0,"LA",8,TRUE,2
1724,1,5,1,0,0,1,"LA",5,TRUE,1
1725,1,1,1,1,1,0,"SF",2,FALSE,0
1726,0,1,1,0,0,0,"LA",9,TRUE,3
1727,0,1,0,0,0,1,"NYC",10,TRUE,6
1728,0,4,1,0,1,0,"LA",5,FALSE,0
1729,0,5,1,1,0,1,"NYC",6,FALSE,0
1730,1,3,0,0,1,1,"LA",10,TRUE,10
1731,1,4,0,1,1,1,"LA",6,TRUE,1
1732,1,2,0,1,0,0,"LA",7,TRUE,3
1733,0,1,1,0,0,1,"LA",4,FALSE,0
1734,1,4,1,0,1,0,"SF",6,TRUE,0
1735,1,2,1,1,0,0,"NYC",6,TRUE,1
1736,1,5,1,1,0,0,"NYC",9,TRUE,9
1737,1,1,1,1,1,0,"NYC",3,FALSE,0
1738,0,4,1,0,0,1,"NYC",5,FALSE,0
1739,1,4,1,0,0,1,"NYC",10,TRUE,8
1740,0,1,0,0,0,1,"SF",5,FALSE,0
1741,0,1,1,0,1,0,"SF",9,TRUE,3
1742,1,4,0,0,0,0,"SF",6,TRUE,0
1743,0,1,0,0,0,1,"SF",1,FALSE,0
1744,1,1,0,1,0,0,"LA",3,FALSE,0
1745,1,3,0,0,1,1,"NYC",8,TRUE,3
1746,1,1,0,0,0,1,"SF",2,FALSE,0
1747,0,5,0,1,0,0,"LA",3,FALSE,0
1748,0,3,1,1,1,0,"LA",10,TRUE,5
1749,1,3,0,1,1,0,"SF",1,FALSE,0
1750,1,3,1,0,0,0,"SF",7,TRUE,2
1751,0,2,1,1,1,0,"LA",3,FALSE,0
1752,1,5,1,0,1,0,"LA",5,FALSE,0
1753,1,1,0,1,1,0,"LA",8,TRUE,3
1754,0,3,1,1,1,0,"LA",9,TRUE,5
1755,1,3,1,0,1,0,"LA",1,FALSE,0
1756,1,2,0,1,0,1,"NYC",1,FALSE,0
1757,0,3,1,1,1,0,"LA",1,FALSE,0
1758,0,1,1,1,0,0,"LA",5,FALSE,0
1759,0,4,1,1,0,1,"NYC",8,TRUE,1
1760,1,5,0,1,0,0,"NYC",5,FALSE,0
1761,1,1,1,1,1,1,"NYC",4,FALSE,0
1762,0,1,0,1,1,0,"NYC",4,FALSE,0
1763,1,1,0,0,0,1,"LA",5,FALSE,0
1764,0,1,0,0,0,1,"LA",8,TRUE,3
1765,1,4,0,1,1,1,"LA",9,TRUE,6
1766,1,4,0,0,1,0,"LA",2,FALSE,0
1767,1,3,1,0,1,0,"SF",8,TRUE,6
1768,1,3,1,1,1,0,"NYC",3,FALSE,0
1769,0,2,1,0,0,1,"NYC",3,FALSE,0
1770,0,2,1,1,0,1,"NYC",5,FALSE,0
1771,1,4,0,0,1,0,"SF",8,TRUE,2
1772,0,5,0,1,1,0,"LA",5,FALSE,0
1773,0,4,0,0,0,1,"NYC",7,TRUE,2
1774,1,1,1,0,0,0,"LA",10,TRUE,7
1775,0,1,0,0,0,1,"SF",9,TRUE,5
1776,0,3,1,1,0,1,"NYC",8,TRUE,4
1777,1,5,0,0,0,1,"SF",10,TRUE,9
1778,0,3,1,1,1,0,"NYC",6,FALSE,0
1779,1,5,0,1,0,0,"SF",6,TRUE,3
1780,1,5,1,1,1,1,"LA",4,FALSE,0
1781,0,1,1,0,1,1,"NYC",9,TRUE,5
1782,1,2,1,1,0,0,"SF",9,TRUE,8
1783,1,1,1,0,0,1,"SF",5,FALSE,0
1784,1,5,0,1,0,0,"NYC",1,FALSE,0
1785,1,1,0,0,1,1,"NYC",9,TRUE,2
1786,0,2,1,1,0,0,"LA",10,TRUE,9
1787,0,2,1,1,0,0,"LA",8,TRUE,1
1788,0,3,1,0,1,1,"SF",5,FALSE,0
1789,1,2,1,1,0,0,"NYC",9,TRUE,5
1790,0,5,0,0,0,1,"SF",7,FALSE,0
1791,1,3,1,1,0,0,"LA",10,TRUE,12
1792,1,2,0,1,0,1,"LA",9,TRUE,7
1793,1,4,0,1,0,1,"NYC",5,FALSE,0
1794,1,5,1,1,0,0,"SF",10,TRUE,8
1795,0,3,1,0,0,0,"SF",8,TRUE,4
1796,0,3,1,1,0,1,"LA",7,TRUE,1
1797,1,3,0,1,1,1,"NYC",3,FALSE,0
1798,0,1,1,1,1,1,"SF",9,TRUE,5
1799,1,2,0,0,1,0,"NYC",9,TRUE,5
1800,0,3,1,0,1,1,"LA",5,FALSE,0
1801,1,3,1,0,1,1,"NYC",2,FALSE,0
1802,1,3,0,0,1,0,"SF",4,FALSE,0
1803,1,3,0,0,1,1,"LA",4,FALSE,0
1804,0,4,1,0,1,1,"NYC",8,TRUE,3
1805,1,3,1,1,0,0,"NYC",8,TRUE,6
1806,0,2,1,0,1,0,"NYC",1,FALSE,0
1807,1,2,1,0,0,1,"LA",5,FALSE,0
1808,0,1,1,1,1,1,"LA",2,FALSE,0
1809,0,2,0,0,1,1,"LA",9,TRUE,4
1810,1,5,1,0,1,1,"LA",1,FALSE,0
1811,1,3,1,1,1,1,"SF",10,TRUE,8
1812,1,3,0,1,0,1,"SF",1,FALSE,0
1813,1,3,0,1,1,0,"LA",5,FALSE,0
1814,0,3,0,0,0,1,"NYC",7,TRUE,1
1815,1,2,1,0,0,1,"NYC",6,FALSE,0
1816,0,4,1,0,0,1,"SF",1,FALSE,0
1817,0,1,0,1,0,1,"NYC",6,FALSE,0
1818,0,4,0,0,0,0,"SF",4,FALSE,0
1819,1,2,0,1,0,1,"LA",10,TRUE,7
1820,0,1,0,1,1,1,"SF",7,FALSE,0
1821,1,4,0,0,1,1,"NYC",2,FALSE,0
1822,1,5,0,0,1,1,"LA",7,TRUE,1
1823,1,1,1,0,0,0,"SF",2,FALSE,0
1824,0,3,1,1,0,0,"SF",9,TRUE,3
1825,0,5,1,0,0,0,"SF",1,FALSE,0
1826,0,4,1,0,0,0,"NYC",8,TRUE,3
1827,1,4,0,0,0,1,"NYC",2,FALSE,0
1828,1,2,0,0,1,1,"NYC",8,TRUE,2
1829,0,5,0,1,0,0,"SF",8,FALSE,0
1830,1,4,0,0,1,0,"SF",7,TRUE,5
1831,1,3,1,0,1,0,"SF",4,FALSE,0
1832,0,4,0,1,1,0,"SF",2,FALSE,0
1833,1,4,1,1,1,1,"NYC",8,TRUE,7
1834,1,1,0,0,0,0,"LA",9,TRUE,3
1835,1,5,0,1,1,0,"NYC",6,FALSE,0
1836,1,2,0,1,1,0,"LA",10,TRUE,3
1837,0,3,1,0,0,0,"LA",5,FALSE,0
1838,1,5,0,0,1,1,"NYC",8,TRUE,2
1839,0,2,0,0,0,1,"LA",4,FALSE,0
1840,1,2,1,0,0,1,"LA",9,TRUE,6
1841,0,5,0,1,1,0,"LA",3,FALSE,0
1842,0,1,1,0,1,0,"SF",2,FALSE,0
1843,0,4,0,1,0,1,"NYC",3,FALSE,0
1844,0,1,0,0,1,0,"NYC",1,FALSE,0
1845,0,3,1,1,0,1,"LA",8,TRUE,2
1846,0,3,0,1,0,0,"SF",10,TRUE,7
1847,0,4,0,0,1,1,"LA",3,FALSE,0
1848,0,1,0,1,1,0,"LA",6,FALSE,0
1849,0,1,0,0,0,1,"LA",8,TRUE,0
1850,0,5,1,1,0,1,"LA",1,FALSE,0
1851,0,1,1,1,1,1,"SF",4,FALSE,0
1852,1,2,1,0,1,1,"SF",3,FALSE,0
1853,0,1,0,1,1,0,"LA",2,FALSE,0
1854,1,4,0,1,1,1,"SF",3,FALSE,0
1855,1,2,1,0,1,0,"SF",7,TRUE,2
1856,1,1,1,0,0,1,"SF",5,FALSE,0
1857,0,5,0,1,1,1,"SF",3,FALSE,0
1858,1,5,0,0,1,0,"SF",6,TRUE,4
1859,1,2,0,0,1,0,"LA",4,FALSE,0
1860,0,3,0,1,0,0,"NYC",7,FALSE,0
1861,0,4,0,1,0,1,"NYC",5,FALSE,0
1862,1,3,1,1,0,1,"SF",10,TRUE,8
1863,1,3,0,1,0,1,"SF",4,FALSE,0
1864,0,2,0,1,1,0,"LA",9,TRUE,1
1865,1,2,0,0,0,0,"LA",10,TRUE,7
1866,0,2,0,1,1,1,"NYC",2,FALSE,0
1867,0,5,1,0,1,1,"LA",2,FALSE,0
1868,0,4,0,1,1,0,"LA",2,FALSE,0
1869,0,3,0,0,1,0,"SF",5,FALSE,0
1870,1,2,1,0,0,1,"LA",5,FALSE,0
1871,0,3,0,1,1,0,"NYC",5,FALSE,0
1872,1,2,0,1,1,0,"SF",4,FALSE,0
1873,0,4,1,1,0,1,"SF",10,TRUE,8
1874,0,2,1,1,0,0,"SF",7,FALSE,0
1875,0,3,1,1,1,0,"NYC",3,FALSE,0
1876,0,4,1,1,1,0,"SF",8,TRUE,6
1877,1,5,1,0,1,0,"NYC",2,FALSE,0
1878,0,3,0,1,0,1,"LA",10,TRUE,5
1879,1,3,0,0,1,0,"LA",5,FALSE,0
1880,1,1,1,0,0,1,"NYC",4,FALSE,0
1881,0,3,0,0,0,1,"SF",6,FALSE,0
1882,1,2,1,0,0,1,"LA",7,TRUE,0
1883,1,2,1,1,1,0,"NYC",5,FALSE,0
1884,1,4,0,1,1,0,"SF",2,FALSE,0
1885,1,2,1,1,0,0,"LA",9,TRUE,6
1886,0,2,1,0,1,1,"NYC",1,FALSE,0
1887,1,2,0,1,1,1,"NYC",7,FALSE,0
1888,1,2,0,1,0,1,"SF",8,TRUE,5
1889,0,1,1,0,1,0,"LA",3,FALSE,0
1890,0,3,0,0,0,1,"SF",1,FALSE,0
1891,1,5,0,0,0,0,"SF",1,FALSE,0
1892,0,4,0,1,0,1,"LA",5,FALSE,0
1893,0,5,1,1,1,1,"NYC",1,FALSE,0
1894,0,1,1,1,1,1,"SF",8,TRUE,5
1895,0,2,1,0,1,1,"SF",3,FALSE,0
1896,1,3,0,1,1,1,"LA",4,FALSE,0
1897,0,5,1,0,0,1,"LA",8,TRUE,1
1898,1,2,1,0,0,1,"LA",10,TRUE,7
1899,0,4,0,0,0,0,"SF",3,FALSE,0
1900,1,1,0,1,0,1,"LA",7,FALSE,0
1901,1,1,0,1,0,1,"NYC",5,FALSE,0
1902,0,3,1,1,0,1,"SF",1,FALSE,0
1903,1,4,0,1,1,1,"LA",5,FALSE,0
1904,0,3,1,1,0,1,"LA",2,FALSE,0
1905,1,2,1,0,0,0,"LA",9,TRUE,4
1906,0,3,0,1,0,1,"SF",7,TRUE,2
1907,1,4,1,1,0,0,"NYC",4,FALSE,0
1908,1,1,0,0,0,1,"NYC",4,FALSE,0
1909,0,1,1,0,0,1,"NYC",3,FALSE,0
1910,1,4,1,0,0,1,"LA",10,TRUE,8
1911,1,1,0,1,1,1,"SF",4,FALSE,0
1912,1,3,0,1,0,0,"NYC",1,FALSE,0
1913,0,2,1,0,0,0,"LA",4,FALSE,0
1914,0,2,0,0,1,1,"LA",3,FALSE,0
1915,0,2,1,0,1,0,"SF",7,TRUE,2
1916,0,1,1,0,0,1,"SF",10,TRUE,8
1917,1,5,0,1,1,1,"NYC",7,TRUE,6
1918,1,5,0,0,0,1,"LA",7,TRUE,2
1919,1,2,0,0,1,1,"NYC",5,FALSE,0
1920,0,3,1,0,1,1,"LA",10,TRUE,5
1921,1,2,1,1,1,0,"SF",6,TRUE,1
1922,0,3,1,0,0,1,"NYC",5,FALSE,0
1923,0,3,1,1,0,1,"NYC",5,FALSE,0
1924,0,3,1,1,0,0,"LA",10,TRUE,3
1925,1,3,0,1,1,1,"NYC",9,TRUE,3
1926,1,4,0,0,0,1,"NYC",1,FALSE,0
1927,1,5,0,0,1,0,"LA",5,TRUE,1
1928,0,1,0,0,0,1,"LA",4,FALSE,0
1929,1,5,1,1,1,0,"LA",7,TRUE,5
1930,0,1,1,1,0,0,"NYC",1,FALSE,0
1931,1,1,1,0,0,0,"NYC",9,TRUE,8
1932,1,2,0,1,1,1,"LA",6,TRUE,3
1933,1,1,0,1,1,1,"NYC",7,FALSE,0
1934,0,5,1,0,0,1,"SF",10,TRUE,8
1935,1,2,1,1,0,0,"NYC",7,FALSE,0
1936,1,5,1,0,0,0,"LA",7,TRUE,4
1937,1,2,1,1,1,0,"LA",9,TRUE,8
1938,1,3,1,1,1,0,"NYC",4,FALSE,0
1939,1,5,1,0,1,0,"LA",10,TRUE,10
1940,1,3,1,1,1,1,"SF",3,FALSE,0
1941,1,4,0,1,0,0,"NYC",9,TRUE,6
1942,1,3,1,0,1,0,"SF",7,TRUE,1
1943,1,4,1,0,1,0,"SF",1,FALSE,0
1944,0,1,1,0,1,0,"LA",4,FALSE,0
1945,1,4,0,1,0,0,"LA",9,TRUE,6
1946,0,1,0,0,0,0,"NYC",1,FALSE,0
1947,1,5,1,0,0,1,"LA",5,FALSE,0
1948,1,1,0,1,0,0,"NYC",1,FALSE,0
1949,0,5,0,1,1,1,"SF",7,TRUE,3
1950,1,5,0,1,0,0,"LA",5,FALSE,0
1951,1,5,1,1,1,0,"SF",1,FALSE,0
1952,0,3,1,0,0,0,"SF",8,TRUE,4
1953,0,2,1,0,1,0,"NYC",1,FALSE,0
1954,1,4,0,0,0,0,"LA",4,FALSE,0
1955,0,5,1,1,0,1,"LA",7,FALSE,0
1956,1,1,0,1,1,0,"SF",3,FALSE,0
1957,1,4,0,1,1,0,"LA",7,TRUE,5
1958,1,1,0,0,0,0,"NYC",5,FALSE,0
1959,1,2,0,0,0,1,"LA",6,TRUE,2
1960,0,3,1,0,0,0,"NYC",6,FALSE,0
1961,1,1,1,1,0,1,"NYC",3,FALSE,0
1962,1,3,1,0,1,1,"SF",7,FALSE,0
1963,1,3,0,0,1,0,"SF",10,TRUE,4
1964,1,5,0,0,1,0,"SF",3,FALSE,0
1965,0,4,0,0,1,0,"SF",5,FALSE,0
1966,1,1,1,1,0,1,"LA",4,FALSE,0
1967,1,2,1,0,0,1,"SF",3,FALSE,0
1968,0,2,1,0,1,1,"SF",4,FALSE,0
1969,0,4,0,1,0,1,"LA",10,TRUE,6
1970,1,3,0,0,1,1,"NYC",8,TRUE,5
1971,1,4,0,1,1,1,"LA",4,FALSE,0
1972,0,4,0,0,0,0,"SF",1,FALSE,0
1973,1,5,1,1,1,0,"LA",10,TRUE,8
1974,0,3,1,0,1,1,"SF",9,TRUE,5
1975,1,3,1,0,1,1,"SF",9,TRUE,4
1976,1,1,0,0,1,1,"SF",5,FALSE,0
1977,1,4,0,0,0,0,"NYC",5,TRUE,3
1978,1,5,0,0,1,1,"NYC",7,TRUE,3
1979,1,5,0,0,0,1,"NYC",5,FALSE,0
1980,1,1,0,0,0,0,"NYC",8,TRUE,4
1981,1,1,0,1,1,1,"SF",6,FALSE,0
1982,1,3,0,0,1,1,"NYC",1,FALSE,0
1983,1,3,0,1,0,1,"NYC",6,FALSE,0
1984,1,1,1,0,1,0,"SF",2,FALSE,0
1985,0,1,0,0,0,1,"SF",4,FALSE,0
1986,0,4,1,0,0,1,"LA",6,FALSE,0
1987,0,1,0,1,1,0,"SF",5,FALSE,0
1988,1,1,1,0,1,1,"LA",3,FALSE,0
1989,0,5,1,1,1,1,"LA",1,FALSE,0
1990,1,1,1,0,0,1,"NYC",10,TRUE,5
1991,1,5,0,0,1,0,"NYC",4,FALSE,0
1992,0,2,1,1,1,0,"LA",10,TRUE,8
1993,0,4,1,1,0,0,"LA",4,FALSE,0
1994,1,1,1,1,1,0,"NYC",10,TRUE,10
1995,1,4,0,0,1,0,"LA",8,TRUE,5
1996,1,4,0,1,1,0,"SF",6,TRUE,1
1997,0,1,1,0,0,0,"LA",8,FALSE,0
1998,0,1,0,0,0,0,"NYC",10,TRUE,7
1999,1,5,0,1,1,0,"LA",6,TRUE,4
2000,1,5,0,1,1,1,"NYC",4,FALSE,0
