id,water_bill,barrel,yard_size,home_garden,attitude_env,temperature
1,212.73,Barrel,25811,No home garden,3,94.3315625
2,258.76,No barrel,39479,Home garden,7,61.7815625
3,156.49,Barrel,13297,No home garden,7,83.7528125
4,254.84,No barrel,28259,No home garden,2,72.970625
5,194.78,Barrel,21479,No home garden,5,65.0365625
6,201.81,Barrel,28906,Home garden,8,82.5321875
7,210.42,No barrel,7041,No home garden,3,64.2228125
8,255.56,No barrel,29434,No home garden,4,74.3946875
9,187.88,Barrel,24779,Home garden,8,71.75
10,252.21,No barrel,29741,Home garden,9,68.495
11,174.36,Barrel,16931,No home garden,7,72.7671875
12,183.78,Barrel,10357,No home garden,8,80.70125
13,202.02,Barrel,16071,No home garden,6,94.128125
14,185.85,Barrel,14977,No home garden,6,77.853125
15,211.61,Barrel,13053,No home garden,3,95.5521875
16,208,Barrel,24206,No home garden,4,72.3603125
17,181.79,No barrel,14641,No home garden,8,48.7615625
18,213.09,Barrel,15519,No home garden,3,89.245625
19,174.12,No barrel,6782,No home garden,9,56.695625
20,231.34,No barrel,19185,No home garden,5,63.8159375
21,219.84,No barrel,26319,Home garden,7,71.5465625
22,192.17,Barrel,35468,Home garden,7,82.32875
23,236.49,Barrel,35299,No home garden,3,94.535
24,183.51,No barrel,8066,No home garden,8,73.5809375
25,179.93,No barrel,9509,No home garden,6,72.3603125
26,188.89,Barrel,21281,No home garden,2,69.715625
27,265.28,No barrel,20160,No home garden,2,77.039375
28,266.37,No barrel,28510,Home garden,7,74.8015625
29,142.15,Barrel,3815,No home garden,6,61.578125
30,223.17,No barrel,11933,No home garden,4,74.598125
31,265.78,No barrel,36989,Home garden,5,57.509375
32,203.82,No barrel,13489,No home garden,5,78.26
33,250.57,No barrel,17570,No home garden,2,68.901875
34,225.84,No barrel,17197,No home garden,3,77.2428125
35,261.62,No barrel,37644,Home garden,6,64.42625
36,257.22,No barrel,33476,Home garden,7,73.5809375
37,233.64,No barrel,24009,No home garden,1,59.54375
38,204.67,Barrel,10880,No home garden,4,94.3315625
39,271.29,No barrel,31316,Home garden,6,75.005
40,260.6,No barrel,34542,Home garden,5,76.8359375
41,233.32,No barrel,14983,No home garden,4,72.7671875
42,192.14,Barrel,27877,Home garden,9,64.019375
43,233.46,Barrel,27994,No home garden,5,93.72125
44,189.38,No barrel,15527,No home garden,2,69.1053125
45,171.08,Barrel,13715,No home garden,8,81.921875
46,268.69,No barrel,28308,No home garden,2,76.0221875
47,222.04,No barrel,26454,No home garden,5,59.54375
48,256.28,No barrel,29906,No home garden,4,75.81875
49,213.61,No barrel,18501,Home garden,9,70.1225
50,248.19,No barrel,26720,No home garden,5,78.8703125
51,270.18,No barrel,35343,Home garden,6,69.9190625
52,216.79,No barrel,12211,No home garden,6,71.9534375
53,235.35,Barrel,28904,Home garden,7,87.0078125
54,175.73,Barrel,13592,No home garden,6,80.294375
55,210.69,No barrel,12990,No home garden,4,75.005
56,184.29,Barrel,9363,No home garden,7,80.294375
57,239.13,No barrel,27521,Home garden,7,65.8503125
58,224.67,Barrel,24539,No home garden,3,79.6840625
59,250.85,No barrel,26410,No home garden,4,70.93625
60,166.68,Barrel,12062,No home garden,6,74.598125
61,235.72,Barrel,32672,No home garden,4,76.8359375
62,207.25,Barrel,34827,Home garden,6,76.6325
63,205.15,Barrel,24811,No home garden,3,82.735625
64,186,No barrel,13646,No home garden,6,63.8159375
65,223.82,No barrel,20140,No home garden,3,55.881875
66,229.3,Barrel,24714,No home garden,4,70.93625
67,219.04,No barrel,11316,No home garden,8,73.9878125
68,287.82,No barrel,23572,No home garden,4,79.480625
69,253.42,No barrel,29730,No home garden,5,70.529375
70,206.44,No barrel,12860,No home garden,6,67.0709375
71,213.55,No barrel,13761,No home garden,5,58.1196875
72,221.17,Barrel,25221,No home garden,4,67.8846875
73,227.28,No barrel,31993,Home garden,5,68.495
74,179.57,Barrel,31952,No home garden,5,52.8303125
75,254.44,No barrel,36695,Home garden,5,61.7815625
76,223,No barrel,16829,No home garden,1,55.2715625
77,212.64,No barrel,26067,Home garden,7,63.0021875
78,224.06,No barrel,23897,No home garden,7,70.1225
79,234.41,No barrel,34248,Home garden,7,70.1225
80,257.09,No barrel,28608,Home garden,7,75.81875
81,126.53,Barrel,4832,No home garden,7,52.626875
82,244.96,No barrel,24637,Home garden,6,67.8846875
83,252.02,No barrel,29531,Home garden,6,64.6296875
84,214.61,No barrel,18565,No home garden,5,66.05375
85,219.13,No barrel,19108,No home garden,1,75.411875
86,245.27,No barrel,30574,Home garden,6,75.6153125
87,229.19,No barrel,20286,No home garden,4,63.0021875
88,263.65,No barrel,16218,No home garden,4,71.1396875
89,182.68,No barrel,18107,No home garden,7,66.6640625
90,218.32,No barrel,23129,Home garden,8,73.9878125
91,189.43,Barrel,17230,Home garden,9,81.7184375
92,187.1,Barrel,24724,Home garden,7,61.7815625
93,247.13,No barrel,12219,No home garden,2,85.990625
94,217.41,No barrel,27721,Home garden,6,53.03375
95,244.46,No barrel,18977,No home garden,4,81.515
96,217.75,Barrel,25067,Home garden,7,80.9046875
97,199.82,Barrel,27990,Home garden,6,79.6840625
98,193.69,No barrel,16333,No home garden,6,63.6125
99,267.4,No barrel,26412,No home garden,6,72.3603125
100,121.75,Barrel,6261,No home garden,5,65.4434375
101,218.11,No barrel,22827,No home garden,3,57.1025
102,270.05,No barrel,28279,No home garden,4,67.274375
103,191.1,Barrel,18408,No home garden,6,85.58375
104,178.38,No barrel,11176,No home garden,6,55.881875
105,175.22,No barrel,10682,No home garden,6,56.4921875
106,250.71,No barrel,25144,No home garden,4,70.3259375
107,239.01,No barrel,22087,No home garden,5,70.3259375
108,226.17,Barrel,33313,Home garden,8,87.8215625
109,221.65,No barrel,26079,No home garden,5,69.715625
110,212.91,No barrel,21691,No home garden,5,63.8159375
111,182.32,Barrel,24941,Home garden,9,56.28875
112,218.28,Barrel,28018,Home garden,8,74.598125
113,230.27,No barrel,26331,Home garden,8,75.6153125
114,257.66,No barrel,32150,No home garden,4,67.8846875
115,210.18,Barrel,27143,No home garden,5,83.95625
116,166.36,Barrel,15679,Home garden,9,70.93625
117,240.31,Barrel,34956,No home garden,3,65.24
118,206.07,Barrel,23506,No home garden,4,89.4490625
119,218.62,No barrel,21556,No home garden,4,73.1740625
120,200.36,Barrel,11430,No home garden,2,83.549375
121,195.36,Barrel,19677,No home garden,4,64.2228125
122,205.18,Barrel,28299,No home garden,4,63.205625
123,185.46,Barrel,14878,No home garden,5,73.784375
124,234.73,No barrel,19757,No home garden,5,88.2284375
125,251.71,No barrel,24519,No home garden,5,71.75
126,194.99,No barrel,27526,No home garden,6,47.1340625
127,225.89,No barrel,22271,No home garden,6,68.495
128,235.78,No barrel,17550,No home garden,3,74.598125
129,216.38,No barrel,22228,No home garden,3,55.475
130,242.48,Barrel,18875,No home garden,2,96.569375
131,207.6,Barrel,28731,No home garden,3,60.5609375
132,216.38,No barrel,19544,No home garden,7,56.8990625
133,250.36,Barrel,28653,No home garden,4,93.9246875
134,223.57,No barrel,14885,No home garden,7,69.9190625
135,281.43,No barrel,27255,No home garden,5,96.569375
136,233.91,No barrel,22252,No home garden,5,66.460625
137,156.53,Barrel,16299,No home garden,3,39.2
138,227,No barrel,28339,No home garden,4,58.323125
139,214.42,Barrel,31862,Home garden,6,74.19125
140,189.05,Barrel,25688,No home garden,5,74.8015625
141,178.81,Barrel,23795,Home garden,9,76.0221875
142,243.03,No barrel,26763,No home garden,5,84.363125
143,241.5,No barrel,20645,No home garden,6,68.2915625
144,212.11,No barrel,11961,No home garden,4,73.1740625
145,187.78,No barrel,17118,No home garden,7,71.343125
146,228.93,No barrel,28364,Home garden,6,68.088125
147,153.46,Barrel,7939,No home garden,7,67.274375
148,227.48,Barrel,32363,No home garden,2,78.666875
149,183.06,Barrel,20559,No home garden,3,68.901875
150,213.13,No barrel,22450,No home garden,7,65.24
151,213.43,Barrel,21992,No home garden,4,89.4490625
152,264.03,No barrel,27979,No home garden,2,75.411875
153,170.94,No barrel,6885,No home garden,7,64.42625
154,171.81,Barrel,30342,Home garden,6,67.68125
155,223.55,No barrel,18034,No home garden,5,75.005
156,164.64,Barrel,3635,No home garden,4,74.598125
157,245.53,No barrel,13369,No home garden,2,80.70125
158,170.86,Barrel,20765,No home garden,7,59.54375
159,174.32,Barrel,20211,No home garden,5,81.7184375
160,174.87,No barrel,6049,No home garden,6,66.05375
161,217.44,No barrel,28028,No home garden,6,70.7328125
162,168.98,No barrel,24006,Home garden,8,55.6784375
163,193.86,No barrel,22052,No home garden,4,54.8646875
164,219.74,No barrel,27177,No home garden,6,70.93625
165,186,Barrel,20355,Home garden,8,84.5665625
166,145.88,Barrel,9577,No home garden,9,69.1053125
167,242,No barrel,34602,No home garden,4,71.5465625
168,235.19,No barrel,24962,No home garden,5,68.088125
169,168.35,No barrel,7522,No home garden,9,77.6496875
170,256.56,No barrel,30832,No home garden,3,66.6640625
171,278.48,No barrel,33357,Home garden,7,79.6840625
172,261.39,No barrel,28891,No home garden,4,71.9534375
173,191.91,Barrel,7664,No home garden,7,90.46625
174,254.93,No barrel,22879,No home garden,1,75.005
175,199.93,Barrel,32797,Home garden,9,73.5809375
176,151.87,Barrel,6317,No home garden,3,71.5465625
177,240.35,No barrel,38750,No home garden,4,57.91625
178,215.35,No barrel,10549,No home garden,6,73.3775
179,244.16,No barrel,16835,No home garden,2,75.6153125
180,261.26,No barrel,29641,No home garden,5,59.7471875
181,170.42,No barrel,1950,No home garden,7,67.68125
182,218.08,Barrel,21646,No home garden,4,84.77
183,197.67,Barrel,31386,No home garden,5,82.9390625
184,217.84,No barrel,23409,No home garden,5,68.2915625
185,292.06,No barrel,36306,No home garden,3,84.1596875
186,195.83,No barrel,14235,No home garden,8,75.2084375
187,191.54,Barrel,19422,No home garden,3,76.4290625
188,187.77,No barrel,19659,No home garden,5,48.558125
189,217.56,Barrel,24669,No home garden,5,83.95625
190,175.36,Barrel,14662,No home garden,4,66.2571875
191,220.23,Barrel,24369,No home garden,4,79.2771875
192,287.74,No barrel,36826,Home garden,7,78.666875
193,211.1,No barrel,17097,No home garden,5,63.4090625
194,219.79,No barrel,14804,No home garden,5,87.8215625
195,184.13,Barrel,20895,No home garden,7,67.8846875
196,195.77,Barrel,23453,No home garden,3,54.0509375
197,170.6,Barrel,15292,No home garden,3,59.3403125
198,190.45,Barrel,11943,No home garden,4,72.56375
199,287.96,No barrel,39000,Home garden,4,80.9046875
200,222.4,Barrel,24622,Home garden,7,82.9390625
201,190.43,Barrel,12524,No home garden,4,98.196875
202,167.46,No barrel,7235,No home garden,9,68.2915625
203,231.78,No barrel,19168,No home garden,6,65.8503125
204,278.05,No barrel,28649,Home garden,8,85.58375
205,224.18,No barrel,17615,No home garden,3,78.666875
206,183.79,Barrel,24905,Home garden,8,60.1540625
207,228.78,No barrel,29426,Home garden,6,61.7815625
208,209.46,No barrel,22186,No home garden,5,52.8303125
209,254.34,No barrel,24699,Home garden,8,72.3603125
210,182.66,Barrel,16278,No home garden,8,63.8159375
211,219.11,Barrel,30939,Home garden,8,93.5178125
212,225.08,No barrel,28699,No home garden,6,57.3059375
213,217.1,No barrel,22377,No home garden,5,57.7128125
214,191.22,Barrel,25072,No home garden,5,75.81875
215,200.23,No barrel,17516,No home garden,7,72.3603125
216,222.2,No barrel,24901,Home garden,9,71.5465625
217,137.33,Barrel,3797,No home garden,7,74.19125
218,164.75,Barrel,12596,No home garden,4,72.156875
219,212.63,Barrel,29474,Home garden,6,84.363125
220,158.09,Barrel,20795,Home garden,8,67.8846875
221,216.8,Barrel,21396,No home garden,5,91.8903125
222,201.3,Barrel,11609,No home garden,7,104.3
223,250.41,No barrel,26493,No home garden,4,79.07375
224,179.99,Barrel,12809,No home garden,7,92.500625
225,185.57,Barrel,13605,No home garden,7,82.9390625
226,217.07,No barrel,26145,No home garden,5,66.2571875
227,137.34,Barrel,572,No home garden,9,71.75
228,268.45,No barrel,28862,No home garden,4,79.07375
229,246.05,No barrel,28305,No home garden,4,74.598125
230,202.51,No barrel,22778,Home garden,7,74.3946875
231,210.98,No barrel,28042,No home garden,6,46.3203125
232,219.92,No barrel,20065,No home garden,3,78.8703125
233,190.16,No barrel,8463,No home garden,6,60.9678125
234,210.05,Barrel,19207,No home garden,3,80.0909375
235,182.9,No barrel,22067,Home garden,8,52.0165625
236,232.13,No barrel,12730,No home garden,3,82.5321875
237,244.1,No barrel,23102,No home garden,5,85.7871875
238,236.51,No barrel,25148,Home garden,6,69.9190625
239,233.59,No barrel,29420,No home garden,5,66.8675
240,167.92,Barrel,27732,No home garden,5,55.6784375
241,237.27,No barrel,26237,No home garden,4,70.529375
242,240.59,No barrel,16245,No home garden,2,78.0565625
243,228.03,No barrel,20156,No home garden,4,77.2428125
244,245.57,No barrel,12116,No home garden,3,90.46625
245,274.72,No barrel,27499,No home garden,4,90.873125
246,236.42,Barrel,29061,No home garden,3,84.363125
247,172.59,Barrel,16866,No home garden,8,56.8990625
248,200.29,No barrel,14483,No home garden,7,66.8675
249,186.47,Barrel,20120,No home garden,7,70.1225
250,200.91,No barrel,17426,No home garden,7,50.5925
251,179.23,No barrel,10322,No home garden,6,58.1196875
252,198.61,No barrel,10334,No home garden,6,81.3115625
253,270.99,No barrel,31526,Home garden,5,66.8675
254,220.12,No barrel,14850,No home garden,5,78.4634375
255,225.37,No barrel,13115,No home garden,3,69.5121875
256,233.38,Barrel,29775,No home garden,5,85.58375
257,252.06,No barrel,24220,No home garden,5,73.9878125
258,210.19,No barrel,17341,No home garden,4,52.0165625
259,206.69,No barrel,23242,No home garden,6,60.5609375
260,285.18,No barrel,38900,Home garden,7,66.05375
261,224.32,No barrel,12636,No home garden,5,101.85875
262,210.92,No barrel,25900,Home garden,7,55.881875
263,258.89,No barrel,30876,Home garden,6,76.8359375
264,274.52,No barrel,38559,Home garden,6,69.9190625
265,192.86,Barrel,11182,No home garden,6,89.4490625
266,241.94,No barrel,25847,No home garden,4,77.039375
267,220.7,No barrel,16846,No home garden,2,61.985
268,230.96,No barrel,21089,No home garden,5,69.1053125
269,205.02,No barrel,11424,No home garden,4,66.2571875
270,250.6,Barrel,34542,No home garden,3,75.005
271,241.77,No barrel,22464,Home garden,7,73.1740625
272,232.26,No barrel,11423,No home garden,3,85.990625
273,226.66,Barrel,26701,No home garden,4,87.618125
274,164,Barrel,13528,No home garden,2,72.7671875
275,251.84,No barrel,30111,Home garden,6,74.19125
276,165.88,No barrel,7301,No home garden,9,66.460625
277,253.51,No barrel,19713,No home garden,2,86.804375
278,194.97,Barrel,15397,No home garden,6,86.6009375
279,190.12,Barrel,24008,Home garden,7,79.07375
280,244.95,No barrel,36530,No home garden,3,70.93625
281,198.47,Barrel,22268,Home garden,8,79.8875
282,212.02,Barrel,22842,No home garden,7,96.1625
283,140.09,Barrel,5676,No home garden,3,66.05375
284,221.59,No barrel,19227,No home garden,5,83.7528125
285,257.11,No barrel,12084,No home garden,5,91.0765625
286,231.05,No barrel,20179,No home garden,7,74.19125
287,199.72,No barrel,13680,No home garden,4,55.881875
288,194.51,Barrel,29663,Home garden,7,79.2771875
289,209.04,No barrel,9402,No home garden,4,59.54375
290,143.18,Barrel,4957,No home garden,9,56.28875
291,219.98,No barrel,5772,No home garden,5,87.21125
292,198.41,No barrel,25044,Home garden,8,54.254375
293,181.41,Barrel,9163,No home garden,5,76.225625
294,223.96,No barrel,11746,No home garden,3,72.3603125
295,258.9,No barrel,36012,No home garden,4,70.7328125
296,218.83,No barrel,19909,No home garden,7,79.8875
297,263.51,No barrel,13791,No home garden,3,88.2284375
298,212.48,No barrel,17166,Home garden,8,67.8846875
299,243.84,No barrel,32059,No home garden,3,59.950625
300,172.51,No barrel,15538,No home garden,8,62.79875
301,220.47,No barrel,24576,No home garden,6,71.5465625
302,263.96,No barrel,36060,Home garden,8,85.58375
303,197.98,No barrel,14428,No home garden,4,75.005
304,197.22,No barrel,16403,No home garden,6,72.970625
305,174.82,Barrel,15809,No home garden,7,65.646875
306,213.17,Barrel,16009,No home garden,3,92.9075
307,156.97,Barrel,22192,Home garden,10,71.1396875
308,194.3,Barrel,32695,Home garden,8,55.475
309,176.04,No barrel,26563,Home garden,8,50.999375
310,229.77,Barrel,20250,No home garden,4,73.3775
311,225.64,Barrel,19129,No home garden,2,75.6153125
312,234.07,Barrel,36691,Home garden,10,75.2084375
313,214.66,No barrel,19936,Home garden,8,59.950625
314,214.13,No barrel,30956,No home garden,4,41.64125
315,198.66,No barrel,9035,No home garden,5,59.136875
316,202.66,Barrel,25321,No home garden,6,78.8703125
317,214.57,No barrel,21845,No home garden,7,62.391875
318,233.84,No barrel,18141,No home garden,6,75.005
319,185.76,Barrel,17294,Home garden,8,82.5321875
320,234.4,No barrel,24703,Home garden,9,73.784375
321,234.4,Barrel,26873,Home garden,6,88.6353125
322,209.59,No barrel,23680,Home garden,9,72.7671875
323,238.72,No barrel,32314,No home garden,4,59.54375
324,199.38,No barrel,26245,No home garden,6,46.930625
325,213.76,No barrel,21201,No home garden,6,72.56375
326,264.43,No barrel,31968,No home garden,2,79.6840625
327,251.96,No barrel,21966,No home garden,6,77.039375
328,251.54,No barrel,21619,No home garden,3,74.3946875
329,252.2,No barrel,29348,No home garden,5,67.4778125
330,182.34,Barrel,17334,No home garden,6,63.4090625
331,170.29,Barrel,22451,Home garden,8,59.7471875
332,243.47,No barrel,23481,Home garden,8,77.039375
333,154.37,Barrel,11152,No home garden,6,65.0365625
334,236.34,Barrel,13522,No home garden,2,100.638125
335,271.13,No barrel,18675,No home garden,2,84.5665625
336,215.62,No barrel,29744,Home garden,6,60.1540625
337,218.31,No barrel,29141,Home garden,9,58.5265625
338,219.9,No barrel,18130,No home garden,6,67.4778125
339,154.86,Barrel,9674,No home garden,7,78.4634375
340,159.77,Barrel,2995,No home garden,7,83.1425
341,211.59,Barrel,17610,No home garden,4,72.3603125
342,181.2,No barrel,5752,No home garden,5,69.1053125
343,214.11,No barrel,18593,No home garden,4,75.2084375
344,269.58,No barrel,31806,No home garden,4,94.128125
345,180.2,Barrel,4582,No home garden,7,87.0078125
346,209.39,No barrel,27107,Home garden,7,60.3575
347,209.17,Barrel,20361,No home garden,6,81.108125
348,198.69,No barrel,11789,No home garden,7,64.6296875
349,264.43,No barrel,22098,No home garden,4,85.3803125
350,181.37,No barrel,9797,No home garden,3,66.6640625
351,188.01,Barrel,28685,Home garden,7,74.19125
352,198.62,Barrel,23137,No home garden,2,72.3603125
353,193.99,Barrel,17442,No home garden,5,88.2284375
354,153,Barrel,2082,No home garden,5,73.1740625
355,139.21,Barrel,1886,No home garden,6,68.2915625
356,200.25,Barrel,19408,No home garden,3,79.8875
357,255.57,No barrel,15740,No home garden,2,79.480625
358,157.93,Barrel,10330,No home garden,8,64.833125
359,204.35,Barrel,23610,Home garden,8,83.549375
360,167.95,Barrel,10932,No home garden,5,70.7328125
361,216.61,No barrel,11705,No home garden,4,69.5121875
362,280.74,No barrel,36420,Home garden,6,73.784375
363,257.72,No barrel,37060,Home garden,8,57.1025
364,206.97,No barrel,20577,No home garden,3,53.6440625
365,168.68,Barrel,13606,No home garden,6,72.970625
366,208.28,Barrel,24182,No home garden,6,71.343125
367,221.38,No barrel,8218,No home garden,3,66.05375
368,242.76,Barrel,28461,Home garden,6,87.8215625
369,173.17,Barrel,11640,No home garden,4,72.156875
370,180.75,Barrel,6801,No home garden,5,71.75
371,182.55,Barrel,19448,No home garden,5,74.598125
372,203.42,No barrel,20970,No home garden,6,75.005
373,207.85,Barrel,21163,No home garden,1,71.75
374,235.58,No barrel,17070,No home garden,3,73.5809375
375,196.96,Barrel,30536,Home garden,9,87.0078125
376,135.61,Barrel,982,No home garden,7,91.4834375
377,186.63,Barrel,19660,No home garden,3,64.42625
378,228.49,No barrel,22161,Home garden,8,68.088125
379,246.42,Barrel,31622,No home garden,4,82.735625
380,160.62,Barrel,8157,No home garden,7,73.784375
381,189.67,No barrel,13119,No home garden,4,60.3575
382,243.47,No barrel,24252,No home garden,5,72.56375
383,240.82,No barrel,17648,No home garden,5,79.480625
384,143.57,No barrel,3478,No home garden,4,55.2715625
385,219.99,No barrel,27011,No home garden,4,52.626875
386,252.85,No barrel,16246,No home garden,3,73.9878125
387,206.95,No barrel,13220,No home garden,2,68.495
388,211.46,No barrel,29814,Home garden,10,58.1196875
389,209.92,Barrel,32031,Home garden,7,64.42625
390,194.39,Barrel,19079,No home garden,3,79.2771875
391,246.26,Barrel,31389,No home garden,3,77.853125
392,190.54,No barrel,16959,No home garden,3,63.0021875
393,275.6,No barrel,34034,Home garden,8,75.81875
394,206.99,No barrel,14242,No home garden,7,77.853125
395,186.95,No barrel,7896,No home garden,4,70.93625
396,165.7,Barrel,15567,No home garden,8,69.30875
397,206.61,No barrel,11384,No home garden,5,70.3259375
398,227.45,No barrel,12423,No home garden,2,78.26
399,199.99,No barrel,11376,No home garden,6,72.7671875
400,231.19,Barrel,27549,No home garden,4,85.58375
401,203.92,Barrel,22512,No home garden,4,73.1740625
402,228.38,Barrel,21336,Home garden,8,85.3803125
403,212.06,Barrel,12950,No home garden,3,73.3775
404,238.12,No barrel,26771,Home garden,7,77.44625
405,220.85,No barrel,12474,No home garden,5,77.853125
406,196.27,No barrel,15037,Home garden,9,63.8159375
407,230.64,No barrel,21735,Home garden,7,77.2428125
408,249.14,Barrel,33339,Home garden,7,88.025
409,217.43,No barrel,21485,No home garden,6,60.764375
410,216.62,No barrel,19231,No home garden,6,63.6125
411,198.28,No barrel,11639,No home garden,4,58.1196875
412,187.09,Barrel,23759,No home garden,4,68.901875
413,210.38,Barrel,19035,No home garden,7,75.6153125
414,194.44,No barrel,12768,No home garden,4,58.9334375
415,145.61,Barrel,14954,No home garden,5,67.0709375
416,221.22,No barrel,23186,No home garden,5,75.005
417,198.47,No barrel,18246,No home garden,6,65.0365625
418,176.72,Barrel,12380,No home garden,6,68.901875
419,250.82,No barrel,30214,No home garden,5,66.2571875
420,182.2,No barrel,9743,No home garden,7,65.646875
421,167.46,No barrel,14253,No home garden,6,59.54375
422,197.23,Barrel,16838,No home garden,4,81.7184375
423,207.56,No barrel,21306,No home garden,5,53.03375
424,170.31,No barrel,12565,No home garden,6,75.81875
425,204.37,Barrel,29013,No home garden,4,69.9190625
426,278.27,No barrel,28754,No home garden,1,78.0565625
427,223.22,Barrel,33999,No home garden,3,81.108125
428,182.31,No barrel,4514,No home garden,5,75.005
429,266.63,No barrel,28854,No home garden,5,72.156875
430,215.78,Barrel,32674,Home garden,8,81.515
431,281.45,No barrel,25658,No home garden,1,72.970625
432,181.85,Barrel,9121,No home garden,3,69.715625
433,192.85,Barrel,20175,No home garden,7,77.2428125
434,228.38,Barrel,33906,No home garden,4,68.495
435,220.59,No barrel,14747,No home garden,2,65.646875
436,198.36,Barrel,27357,Home garden,7,71.1396875
437,199.85,No barrel,19782,No home garden,3,67.274375
438,211.86,No barrel,3006,No home garden,8,84.1596875
439,189.65,No barrel,4741,No home garden,5,84.9734375
440,152.97,No barrel,6697,Home garden,10,53.03375
441,175.19,Barrel,19251,No home garden,6,66.05375
442,242.46,No barrel,16104,No home garden,7,86.1940625
443,158.63,Barrel,4106,No home garden,6,79.480625
444,218.88,No barrel,11793,No home garden,2,62.5953125
445,193.6,No barrel,11378,No home garden,9,76.4290625
446,196.82,No barrel,14103,No home garden,2,53.8475
447,204.42,Barrel,30836,No home garden,5,61.3746875
448,240.96,No barrel,20782,Home garden,7,77.853125
449,231.59,No barrel,31260,Home garden,9,62.1884375
450,258.44,No barrel,20661,No home garden,2,83.95625
451,220.1,No barrel,13977,No home garden,4,65.8503125
452,190.98,Barrel,17355,No home garden,2,72.3603125
453,166.93,Barrel,21482,Home garden,8,71.75
454,217.34,No barrel,13677,No home garden,8,75.81875
455,218.35,No barrel,26645,No home garden,4,56.0853125
456,220.42,No barrel,11934,No home garden,4,66.05375
457,249.08,No barrel,21117,No home garden,5,70.3259375
458,242,No barrel,22077,No home garden,3,60.3575
459,213.58,No barrel,16688,No home garden,6,72.7671875
460,232.79,Barrel,38528,Home garden,6,82.735625
461,207.43,No barrel,18839,No home garden,3,55.068125
462,205.22,Barrel,31148,No home garden,4,74.19125
463,230.68,No barrel,17226,No home garden,5,75.6153125
464,193.6,No barrel,3494,No home garden,5,70.7328125
465,187.31,Barrel,19242,No home garden,8,79.8875
466,228.4,No barrel,17631,No home garden,4,67.274375
467,172.5,No barrel,7341,No home garden,6,69.5121875
468,230.74,No barrel,36758,Home garden,6,71.75
469,184.29,Barrel,16308,No home garden,3,79.6840625
470,210.65,No barrel,12537,No home garden,5,69.715625
471,160.26,Barrel,3592,No home garden,6,91.8903125
472,223.06,No barrel,13035,No home garden,3,65.24
473,243.04,Barrel,32190,Home garden,5,75.81875
474,146.45,Barrel,18444,No home garden,4,44.6928125
475,265.33,No barrel,33438,Home garden,5,72.7671875
476,235.59,Barrel,33103,No home garden,2,60.764375
477,245.16,No barrel,21262,No home garden,2,60.9678125
478,185.56,Barrel,17543,No home garden,6,85.176875
479,177.04,Barrel,18878,No home garden,4,69.715625
480,244.52,No barrel,20398,No home garden,2,82.32875
481,249.22,No barrel,33642,Home garden,6,67.0709375
482,240.67,Barrel,37338,Home garden,6,85.176875
483,215.18,Barrel,27251,No home garden,5,69.715625
484,183.05,Barrel,24893,No home garden,6,77.853125
485,250.48,No barrel,19375,No home garden,2,75.411875
486,230.5,Barrel,28103,No home garden,4,87.618125
487,130.87,Barrel,15588,Home garden,8,57.1025
488,197.92,Barrel,25928,No home garden,5,76.8359375
489,192.44,Barrel,31002,No home garden,4,58.73
490,222.21,No barrel,8360,No home garden,4,78.26
491,242.42,No barrel,20315,No home garden,7,76.4290625
492,165.82,Barrel,21202,Home garden,9,64.019375
493,162.3,Barrel,17548,No home garden,6,60.3575
494,281.39,No barrel,21082,No home garden,2,83.7528125
495,222.26,Barrel,25648,No home garden,5,77.2428125
496,260.23,No barrel,36297,Home garden,5,63.0021875
497,225.02,Barrel,20363,No home garden,7,99.2140625
498,255.21,Barrel,38665,Home garden,9,78.4634375
499,252,No barrel,29073,No home garden,4,68.6984375
500,213.46,No barrel,16948,No home garden,4,59.7471875
501,185.78,Barrel,11350,No home garden,7,74.8015625
502,211.48,Barrel,21838,No home garden,3,75.411875
503,140.64,Barrel,14400,No home garden,6,75.005
504,229.04,Barrel,22570,No home garden,5,84.1596875
505,215.64,No barrel,14717,No home garden,7,77.44625
506,208.27,No barrel,12366,No home garden,8,78.666875
507,196.47,Barrel,31872,Home garden,8,66.6640625
508,170.93,Barrel,13083,No home garden,8,70.93625
509,161.97,No barrel,10577,No home garden,5,46.52375
510,177.71,Barrel,27595,Home garden,7,63.0021875
511,263.34,No barrel,25056,No home garden,3,73.9878125
512,242.93,No barrel,19805,No home garden,7,77.853125
513,221.4,No barrel,21849,Home garden,8,78.8703125
514,208.71,No barrel,18702,No home garden,4,40.2171875
515,204.4,Barrel,16773,No home garden,3,92.2971875
516,159.09,Barrel,9143,No home garden,6,63.205625
517,184.87,No barrel,11769,No home garden,5,53.03375
518,261.9,No barrel,32678,No home garden,5,66.2571875
519,205.9,No barrel,4896,No home garden,3,71.343125
520,283.81,No barrel,20312,No home garden,1,82.5321875
521,178.84,Barrel,11744,No home garden,2,69.9190625
522,266.83,No barrel,15112,No home garden,5,75.6153125
523,211.29,Barrel,16830,No home garden,3,86.6009375
524,236.59,No barrel,21597,Home garden,8,87.618125
525,206.59,No barrel,22765,No home garden,5,47.744375
526,266.59,Barrel,30844,No home garden,4,75.005
527,174.59,Barrel,22372,Home garden,10,80.4978125
528,209.45,No barrel,23827,No home garden,5,64.2228125
529,224.17,No barrel,6480,No home garden,4,69.30875
530,225.07,No barrel,19272,No home garden,6,73.3775
531,215.91,Barrel,29946,No home garden,3,80.70125
532,212.97,Barrel,29853,Home garden,6,72.7671875
533,237.26,No barrel,15135,No home garden,6,62.391875
534,187.34,Barrel,26229,No home garden,6,65.4434375
535,225.12,No barrel,32483,Home garden,7,60.764375
536,252.31,No barrel,32054,Home garden,7,79.6840625
537,198.81,No barrel,20563,No home garden,6,58.323125
538,154.7,Barrel,16656,Home garden,9,68.088125
539,193.04,No barrel,13443,No home garden,7,57.3059375
540,245.39,Barrel,38758,Home garden,6,78.8703125
541,198.2,No barrel,9706,No home garden,7,71.5465625
542,218.2,Barrel,39542,Home garden,6,69.30875
543,226.53,Barrel,16232,No home garden,5,75.81875
544,183.85,Barrel,23404,Home garden,9,76.225625
545,190.54,No barrel,6954,No home garden,3,60.5609375
546,253.05,Barrel,22107,No home garden,6,96.1625
547,258.08,Barrel,34709,No home garden,4,77.039375
548,150.32,Barrel,8007,No home garden,6,80.70125
549,245.59,No barrel,14777,No home garden,8,83.7528125
550,165.61,Barrel,8348,No home garden,2,73.3775
551,211.37,No barrel,21492,No home garden,5,71.1396875
552,175.35,No barrel,12530,No home garden,8,59.950625
553,192.34,Barrel,23909,Home garden,9,58.5265625
554,197.32,No barrel,7354,No home garden,2,63.6125
555,217,Barrel,27392,No home garden,3,74.598125
556,140.64,Barrel,12815,No home garden,7,64.833125
557,174.55,Barrel,14647,No home garden,7,78.666875
558,222.5,No barrel,19455,No home garden,3,79.2771875
559,180.56,Barrel,14579,No home garden,5,76.225625
560,222.7,No barrel,14416,No home garden,8,79.8875
561,203.54,Barrel,10302,No home garden,7,84.1596875
562,155.47,Barrel,18296,No home garden,7,68.495
563,263.2,Barrel,33552,No home garden,3,72.970625
564,164.08,Barrel,21413,No home garden,3,61.17125
565,211.36,No barrel,30759,Home garden,7,59.3403125
566,180.59,Barrel,34082,Home garden,10,62.5953125
567,213.05,Barrel,27121,No home garden,5,72.7671875
568,168.35,No barrel,15692,No home garden,7,60.5609375
569,212.53,No barrel,19092,No home garden,5,67.68125
570,229.46,Barrel,27562,Home garden,8,73.1740625
571,213.08,Barrel,22329,No home garden,5,88.6353125
572,226,Barrel,27472,No home garden,3,100.638125
573,236.8,No barrel,22427,No home garden,4,66.460625
574,195.56,No barrel,7057,No home garden,6,83.549375
575,197.6,Barrel,28142,No home garden,5,82.32875
576,224.9,No barrel,15252,No home garden,7,69.715625
577,257.73,No barrel,23436,No home garden,4,76.4290625
578,225.46,Barrel,16473,No home garden,4,90.059375
579,240.2,No barrel,13721,No home garden,2,79.07375
580,120.28,Barrel,11138,No home garden,7,56.0853125
581,167.21,Barrel,14073,No home garden,5,63.8159375
582,237.93,No barrel,24238,No home garden,4,75.005
583,226.52,No barrel,21808,Home garden,7,51.813125
584,205.41,No barrel,13758,No home garden,5,53.03375
585,273.88,No barrel,29175,No home garden,4,71.1396875
586,223.22,No barrel,17458,No home garden,8,72.56375
587,198.19,Barrel,15247,No home garden,2,87.8215625
588,146.64,Barrel,10960,No home garden,7,72.156875
589,293.19,No barrel,33810,Home garden,6,80.294375
590,213.35,Barrel,13565,No home garden,7,83.95625
591,280.41,No barrel,22785,No home garden,1,96.3659375
592,195.31,Barrel,24474,No home garden,6,70.529375
593,227.33,No barrel,18669,Home garden,9,69.9190625
594,196.33,Barrel,27232,Home garden,8,71.5465625
595,189.96,Barrel,15372,Home garden,9,74.3946875
596,224.11,No barrel,25845,No home garden,4,65.0365625
597,222.38,No barrel,24886,No home garden,1,60.5609375
598,228.31,Barrel,18693,No home garden,3,81.108125
599,197.8,No barrel,14287,No home garden,5,59.54375
600,216.34,Barrel,36451,Home garden,9,80.70125
601,218.23,No barrel,15306,No home garden,7,75.81875
602,194.71,Barrel,22824,Home garden,8,76.0221875
603,246.71,No barrel,26687,No home garden,3,79.6840625
604,257.87,No barrel,16737,No home garden,4,82.735625
605,195.02,No barrel,14883,No home garden,8,66.6640625
606,269.92,No barrel,29009,No home garden,3,67.274375
607,167.5,Barrel,13943,No home garden,6,58.5265625
608,173.21,No barrel,9979,No home garden,6,48.558125
609,225.84,No barrel,26204,No home garden,2,55.068125
610,209.97,Barrel,19388,No home garden,5,82.735625
611,242.14,No barrel,17422,No home garden,2,72.156875
612,179.25,Barrel,33664,Home garden,7,56.28875
613,244.03,No barrel,10897,No home garden,2,86.3975
614,249.77,No barrel,24942,No home garden,3,75.2084375
615,219.91,Barrel,29429,No home garden,5,73.5809375
616,206.13,No barrel,8666,No home garden,2,61.578125
617,216.16,Barrel,26188,Home garden,8,75.411875
618,223.26,No barrel,19414,No home garden,6,65.4434375
619,274.67,No barrel,27133,Home garden,8,78.26
620,232.94,No barrel,25427,No home garden,3,53.6440625
621,247.47,No barrel,28180,Home garden,7,79.480625
622,205.89,No barrel,10410,No home garden,2,65.8503125
623,211.8,Barrel,25308,No home garden,5,93.5178125
624,230.7,No barrel,20076,No home garden,6,79.8875
625,205.17,Barrel,20878,No home garden,7,77.44625
626,255.14,No barrel,32673,Home garden,7,79.2771875
627,190.12,No barrel,8868,No home garden,3,74.8015625
628,173.93,Barrel,11347,No home garden,3,63.6125
629,197.74,Barrel,25669,No home garden,6,77.853125
630,216.99,No barrel,20334,No home garden,7,79.480625
631,194.53,Barrel,17573,No home garden,4,79.07375
632,163.39,No barrel,10404,No home garden,4,60.1540625
633,234.34,No barrel,16954,No home garden,2,80.0909375
634,234.39,No barrel,23877,No home garden,2,72.56375
635,289.35,No barrel,35562,No home garden,4,80.0909375
636,105.78,Barrel,2927,No home garden,5,61.7815625
637,177.02,No barrel,16845,No home garden,6,66.8675
638,213.58,Barrel,27645,No home garden,4,76.0221875
639,271.04,No barrel,24383,No home garden,1,67.274375
640,220.51,No barrel,22018,No home garden,7,74.19125
641,223.73,No barrel,22657,No home garden,5,71.343125
642,204.07,No barrel,13490,No home garden,4,59.136875
643,233.91,No barrel,24820,No home garden,3,73.3775
644,191.42,Barrel,25013,No home garden,5,69.1053125
645,222.79,Barrel,21438,No home garden,6,82.9390625
646,207.58,No barrel,15381,No home garden,3,56.28875
647,218.19,No barrel,19733,No home garden,8,68.2915625
648,150.19,Barrel,15734,No home garden,6,66.8675
649,217.89,No barrel,24623,No home garden,6,57.91625
650,184.54,Barrel,20802,No home garden,5,64.6296875
651,248.83,No barrel,36081,Home garden,5,65.8503125
652,210.94,Barrel,19994,No home garden,1,78.8703125
653,154.2,Barrel,17522,No home garden,7,59.7471875
654,178.6,Barrel,10455,No home garden,4,85.3803125
655,205.62,No barrel,24607,No home garden,4,56.0853125
656,231.19,No barrel,28485,No home garden,4,55.068125
657,280.83,No barrel,27098,Home garden,6,88.431875
658,227.73,No barrel,26220,No home garden,3,66.6640625
659,186.61,Barrel,21691,No home garden,7,76.8359375
660,182.23,Barrel,19442,No home garden,6,78.26
661,261.55,No barrel,27580,No home garden,4,71.5465625
662,182.72,Barrel,12406,No home garden,6,69.9190625
663,245.41,No barrel,14855,No home garden,6,82.9390625
664,242.45,Barrel,38738,Home garden,7,87.618125
665,179.35,No barrel,15415,No home garden,7,71.5465625
666,219.94,No barrel,22499,No home garden,4,61.3746875
667,135.34,Barrel,7488,No home garden,8,67.0709375
668,189.82,No barrel,8185,No home garden,4,61.17125
669,244.04,No barrel,17869,No home garden,4,66.6640625
670,196.99,Barrel,22447,No home garden,5,72.970625
671,233.74,No barrel,35925,Home garden,7,63.6125
672,169.4,Barrel,21600,Home garden,7,54.4578125
673,236.23,No barrel,27383,No home garden,4,68.6984375
674,252.12,No barrel,31943,No home garden,2,59.136875
675,229.5,Barrel,29069,No home garden,4,77.039375
676,221.6,No barrel,25368,No home garden,6,82.1253125
677,192.15,Barrel,7620,No home garden,7,85.3803125
678,186.31,Barrel,11559,No home garden,3,63.0021875
679,225.33,No barrel,20156,No home garden,6,75.005
680,212.5,Barrel,26454,No home garden,4,66.2571875
681,231.95,No barrel,18157,No home garden,6,69.30875
682,260.52,No barrel,21887,No home garden,5,72.970625
683,219.13,Barrel,21341,No home garden,3,76.6325
684,206.43,No barrel,15732,Home garden,8,66.6640625
685,191.73,Barrel,21104,No home garden,4,72.3603125
686,234.46,No barrel,18120,No home garden,3,68.2915625
687,188.34,Barrel,34938,Home garden,6,64.6296875
688,209.42,Barrel,25992,No home garden,3,83.1425
689,251.91,No barrel,27438,No home garden,5,73.5809375
690,209.7,No barrel,22823,No home garden,5,51.813125
691,196.87,Barrel,26064,No home garden,4,55.068125
692,174.26,No barrel,549,No home garden,8,70.7328125
693,190.47,No barrel,15361,No home garden,5,65.24
694,224.13,No barrel,24124,No home garden,4,64.833125
695,236.64,No barrel,21801,No home garden,3,75.411875
696,227.8,Barrel,37408,Home garden,6,81.515
697,225.21,No barrel,23658,No home garden,6,71.5465625
698,165.08,Barrel,18233,No home garden,7,75.411875
699,225.5,No barrel,28641,Home garden,7,63.0021875
700,187.45,Barrel,24152,No home garden,2,73.1740625
701,261.75,No barrel,26698,No home garden,5,58.73
702,191.6,No barrel,16131,No home garden,5,59.136875
703,242.54,No barrel,8616,No home garden,4,68.2915625
704,198.39,No barrel,11635,No home garden,8,73.1740625
705,215.55,No barrel,18597,No home garden,6,64.019375
706,133.24,Barrel,16236,Home garden,8,74.598125
707,198.61,No barrel,29860,No home garden,5,53.6440625
708,210.97,No barrel,12764,No home garden,2,71.9534375
709,218.11,Barrel,28313,No home garden,5,80.9046875
710,184.82,Barrel,16386,No home garden,4,82.32875
711,210.96,No barrel,22392,No home garden,6,62.79875
712,146.96,Barrel,15721,No home garden,5,64.833125
713,186.21,Barrel,16324,No home garden,4,81.921875
714,197.4,Barrel,24018,No home garden,6,85.990625
715,234.15,No barrel,22116,No home garden,2,73.5809375
716,277.87,No barrel,25170,No home garden,5,78.0565625
717,238.9,No barrel,14256,No home garden,3,69.9190625
718,200.69,No barrel,12241,No home garden,2,60.9678125
719,232.64,Barrel,16959,No home garden,1,81.921875
720,172.66,No barrel,8628,No home garden,8,69.5121875
721,215.56,Barrel,23062,No home garden,4,72.3603125
722,223.53,Barrel,28742,Home garden,9,87.4146875
723,221.67,Barrel,30654,No home garden,4,70.529375
724,221.08,Barrel,22132,No home garden,7,89.4490625
725,189.98,No barrel,6524,No home garden,7,67.274375
726,170.77,Barrel,17930,No home garden,6,59.54375
727,180.23,No barrel,10092,No home garden,7,74.19125
728,206.15,Barrel,21178,Home garden,9,77.44625
729,235.27,No barrel,20696,Home garden,9,70.1225
730,188.48,Barrel,22093,No home garden,5,74.3946875
731,197.21,Barrel,13794,No home garden,1,80.9046875
732,213.48,No barrel,23055,No home garden,6,72.970625
733,210.07,No barrel,15432,No home garden,5,68.6984375
734,183.96,Barrel,18970,Home garden,9,82.735625
735,201.61,No barrel,11226,No home garden,3,76.6325
736,140.2,Barrel,2196,No home garden,7,79.480625
737,210.8,No barrel,25515,No home garden,5,67.68125
738,220,Barrel,32849,No home garden,2,77.039375
739,219.99,Barrel,22298,No home garden,5,78.4634375
740,169.23,Barrel,14141,No home garden,5,63.8159375
741,166.39,No barrel,2268,No home garden,8,64.42625
742,220.68,No barrel,24530,Home garden,9,56.8990625
743,263.14,No barrel,23996,No home garden,5,72.56375
744,181.51,Barrel,8212,No home garden,6,93.1109375
745,189.41,Barrel,20135,Home garden,8,81.108125
746,218.85,No barrel,19855,No home garden,5,67.274375
747,202.21,No barrel,16480,No home garden,8,65.24
748,216.55,No barrel,17797,No home garden,6,61.578125
749,254.94,No barrel,16245,No home garden,3,72.56375
750,146.36,Barrel,3529,No home garden,4,78.4634375
751,224.02,No barrel,15371,No home garden,1,72.156875
752,223.21,No barrel,19178,Home garden,8,84.363125
753,236.81,Barrel,27137,No home garden,5,87.8215625
754,193.61,Barrel,26178,No home garden,6,58.5265625
755,156.52,Barrel,3828,No home garden,8,82.5321875
756,227.36,No barrel,19288,Home garden,9,78.666875
757,205.44,No barrel,13130,No home garden,3,70.1225
758,180.15,Barrel,16319,No home garden,4,69.5121875
759,236.68,No barrel,15926,No home garden,3,78.26
760,256.78,No barrel,12326,No home garden,4,78.4634375
761,252.18,No barrel,29719,No home garden,5,58.9334375
762,193.8,No barrel,11896,No home garden,7,58.5265625
763,237.37,No barrel,26218,No home garden,3,67.0709375
764,218.11,No barrel,10377,No home garden,5,76.4290625
765,240.98,No barrel,25653,No home garden,4,72.970625
766,266.25,No barrel,35489,Home garden,6,66.05375
767,131.04,Barrel,14360,No home garden,5,46.3203125
768,253.91,No barrel,24151,No home garden,3,58.5265625
769,264.42,No barrel,14933,No home garden,4,93.9246875
770,255.59,Barrel,33609,Home garden,6,94.941875
771,255.52,No barrel,14086,No home garden,6,83.95625
772,227.16,No barrel,25814,Home garden,9,72.970625
773,144.56,Barrel,3289,No home garden,5,70.529375
774,265.35,No barrel,17809,No home garden,2,84.9734375
775,161.33,Barrel,11130,No home garden,8,88.2284375
776,225.57,No barrel,21940,No home garden,4,48.7615625
777,235.05,No barrel,18608,No home garden,5,63.4090625
778,221.22,Barrel,30507,Home garden,6,75.005
779,229.29,No barrel,29773,Home garden,9,64.6296875
780,185.62,No barrel,5527,No home garden,8,72.970625
781,164.76,Barrel,13841,No home garden,6,65.8503125
782,234.07,No barrel,21441,No home garden,6,76.0221875
783,259.17,Barrel,35246,Home garden,5,85.990625
784,249.75,No barrel,29818,No home garden,5,75.005
785,189.67,Barrel,16193,No home garden,8,81.515
786,219.24,Barrel,27051,No home garden,4,79.07375
787,239.79,Barrel,31655,No home garden,4,75.6153125
788,227.43,No barrel,8374,No home garden,3,68.901875
789,259.88,No barrel,30400,Home garden,8,72.970625
790,265.19,No barrel,24938,No home garden,3,79.8875
791,193.24,Barrel,10882,No home garden,6,69.1053125
792,185.77,Barrel,24914,No home garden,5,86.3975
793,203.59,No barrel,8918,No home garden,3,71.75
794,262.42,No barrel,35741,Home garden,7,64.833125
795,191.32,Barrel,20410,No home garden,3,75.2084375
796,250.46,No barrel,32639,No home garden,3,55.881875
797,234.39,Barrel,21733,No home garden,3,89.245625
798,170.64,Barrel,24565,Home garden,9,61.985
799,191.93,No barrel,7661,No home garden,9,65.8503125
800,156.85,Barrel,3633,No home garden,4,82.1253125
801,196.3,Barrel,22057,Home garden,7,78.26
802,191.89,Barrel,26372,No home garden,6,64.2228125
803,234.87,No barrel,32699,Home garden,5,53.440625
804,235.05,No barrel,27322,No home garden,5,69.1053125
805,175.14,Barrel,25433,No home garden,5,80.9046875
806,226.19,Barrel,23745,Home garden,7,82.735625
807,197.31,No barrel,15209,No home garden,5,63.0021875
808,235.31,No barrel,20153,No home garden,6,67.68125
809,246.4,No barrel,30153,Home garden,9,69.9190625
810,155.82,No barrel,4565,No home garden,8,72.156875
811,217.2,No barrel,19301,No home garden,5,57.509375
812,188.68,No barrel,9641,No home garden,6,70.529375
813,181.37,Barrel,19682,No home garden,5,63.4090625
814,187.14,Barrel,22598,No home garden,6,70.93625
815,161.35,No barrel,11515,No home garden,7,49.9821875
816,197.48,Barrel,22563,No home garden,6,80.4978125
817,213.81,Barrel,13822,No home garden,6,88.431875
818,171.01,Barrel,15346,No home garden,7,65.24
819,237.19,No barrel,36793,Home garden,5,58.73
820,198.76,No barrel,13357,No home garden,6,61.3746875
821,186.66,No barrel,9571,No home garden,4,54.8646875
822,226.83,No barrel,21392,No home garden,5,72.156875
823,191.18,No barrel,12552,No home garden,3,59.136875
824,253.1,Barrel,36397,Home garden,6,82.32875
825,264.02,No barrel,26390,No home garden,3,77.039375
826,207.36,Barrel,21210,No home garden,4,74.598125
827,232.32,No barrel,16352,No home garden,2,83.95625
828,202.49,No barrel,578,No home garden,9,74.19125
829,159.97,No barrel,8083,No home garden,5,49.5753125
830,229.66,No barrel,18242,No home garden,7,67.8846875
831,227.82,No barrel,6713,No home garden,3,79.07375
832,182.12,Barrel,24485,No home garden,3,73.3775
833,178.44,Barrel,22983,Home garden,9,66.05375
834,198.73,Barrel,25895,No home garden,4,57.7128125
835,202.28,Barrel,22591,Home garden,7,83.549375
836,228.88,Barrel,24583,Home garden,7,87.0078125
837,179.95,Barrel,18250,Home garden,10,61.985
838,240.39,No barrel,16241,No home garden,2,72.970625
839,218.34,No barrel,21985,No home garden,5,64.6296875
840,274.54,Barrel,34779,No home garden,1,81.7184375
841,278.52,No barrel,37833,No home garden,3,73.5809375
842,198.01,No barrel,22754,No home garden,6,53.440625
843,182.75,Barrel,28967,Home garden,9,63.0021875
844,230.82,No barrel,15540,No home garden,3,71.75
845,216.36,No barrel,9884,No home garden,8,63.0021875
846,178.02,Barrel,18997,No home garden,2,64.019375
847,175.34,No barrel,26702,No home garden,6,53.2371875
848,192.7,Barrel,26614,No home garden,5,64.42625
849,195.82,No barrel,20895,No home garden,4,58.5265625
850,180.6,Barrel,11650,No home garden,4,69.1053125
851,167.16,Barrel,16578,Home garden,9,71.1396875
852,236.27,Barrel,29836,No home garden,1,69.30875
853,158.06,Barrel,16290,No home garden,7,73.9878125
854,202.32,No barrel,25703,Home garden,7,51.40625
855,214.61,Barrel,33427,No home garden,4,83.549375
856,228.15,No barrel,15338,No home garden,2,63.6125
857,186.64,Barrel,11451,No home garden,5,89.8559375
858,253.13,No barrel,18632,No home garden,3,71.1396875
859,262.47,No barrel,19158,No home garden,6,81.3115625
860,178.24,Barrel,20616,No home garden,6,59.54375
861,244.13,No barrel,27697,No home garden,3,68.495
862,179.11,Barrel,22418,No home garden,5,84.1596875
863,242.59,No barrel,33517,No home garden,3,71.1396875
864,176.5,No barrel,17735,No home garden,6,55.2715625
865,203.7,Barrel,29616,Home garden,7,84.9734375
866,169.36,Barrel,12691,No home garden,3,56.695625
867,234.24,No barrel,23914,No home garden,2,61.578125
868,267.79,No barrel,25087,No home garden,4,86.3975
869,215.44,Barrel,19894,Home garden,8,85.3803125
870,180.26,No barrel,14487,No home garden,6,69.1053125
871,158.12,Barrel,7999,No home garden,3,78.4634375
872,203.57,Barrel,18378,No home garden,5,76.4290625
873,204.05,Barrel,16859,No home garden,4,80.0909375
874,198.39,Barrel,31389,Home garden,8,82.735625
875,229.53,No barrel,12188,No home garden,3,64.42625
876,227.46,Barrel,39268,Home garden,8,75.81875
877,191.33,No barrel,21270,No home garden,5,66.6640625
878,206.46,Barrel,22792,Home garden,7,78.26
879,215.28,No barrel,11058,No home garden,5,78.26
880,235.93,No barrel,12646,No home garden,2,75.005
881,186.33,Barrel,22826,No home garden,5,74.598125
882,201.8,No barrel,26503,No home garden,5,47.3375
883,172.83,Barrel,19463,Home garden,10,85.58375
884,216.56,No barrel,8725,No home garden,5,72.970625
885,243.61,Barrel,35880,Home garden,9,81.921875
886,202.01,Barrel,21336,No home garden,5,61.985
887,211.99,No barrel,10678,No home garden,5,81.108125
888,183.08,No barrel,2978,No home garden,4,68.495
889,274.78,No barrel,28048,No home garden,2,67.274375
890,202.7,No barrel,12284,No home garden,6,75.411875
891,179.75,Barrel,13454,No home garden,6,66.05375
892,237.03,Barrel,22660,No home garden,2,79.6840625
893,211.27,No barrel,6166,No home garden,4,62.1884375
894,216.33,Barrel,32681,Home garden,7,78.0565625
895,140.34,No barrel,4366,No home garden,5,54.0509375
896,256.11,No barrel,27298,No home garden,4,72.56375
897,232.97,No barrel,27593,No home garden,4,67.68125
898,208,No barrel,23223,Home garden,8,61.985
899,249.9,Barrel,32353,No home garden,1,70.3259375
900,219.81,Barrel,26797,Home garden,7,72.156875
901,226.51,No barrel,20615,No home garden,3,85.58375
902,257.36,No barrel,18907,No home garden,5,78.666875
903,255.09,No barrel,27026,No home garden,5,81.108125
904,190.27,Barrel,16232,No home garden,6,83.549375
905,223.52,Barrel,21465,No home garden,2,84.9734375
906,225.74,No barrel,25381,Home garden,8,64.42625
907,173.27,Barrel,14382,No home garden,6,88.6353125
908,198.85,No barrel,12150,No home garden,4,64.6296875
909,283.31,No barrel,34972,No home garden,5,87.618125
910,244.38,No barrel,17830,No home garden,5,77.2428125
911,219.56,Barrel,27642,No home garden,3,83.549375
912,255.73,No barrel,25252,No home garden,2,75.005
913,233.37,No barrel,30511,No home garden,5,63.6125
914,226.51,Barrel,29480,No home garden,4,78.666875
915,256.29,No barrel,37873,Home garden,6,67.4778125
916,199.81,No barrel,6850,No home garden,3,70.3259375
917,226.27,No barrel,20854,No home garden,4,79.8875
918,155.86,Barrel,18330,No home garden,7,58.1196875
919,203.35,Barrel,33635,Home garden,6,57.1025
920,254.24,No barrel,16453,No home garden,5,82.1253125
921,244.01,No barrel,27924,Home garden,8,72.56375
922,197.02,Barrel,21082,No home garden,6,84.5665625
923,226.9,No barrel,13827,No home garden,7,65.8503125
924,176.95,No barrel,4359,No home garden,5,60.3575
925,248.81,No barrel,20532,No home garden,6,77.853125
926,233.23,No barrel,22026,No home garden,7,71.343125
927,293.01,No barrel,29683,No home garden,5,76.6325
928,180.83,No barrel,27614,Home garden,8,47.3375
929,202.37,No barrel,12226,No home garden,6,72.56375
930,215.63,No barrel,19558,No home garden,7,68.6984375
931,241.12,No barrel,27282,Home garden,7,66.460625
932,167.94,Barrel,15538,No home garden,6,65.646875
933,226.36,No barrel,7607,No home garden,5,65.646875
934,216.05,No barrel,21544,No home garden,5,62.5953125
935,192.35,No barrel,21946,No home garden,5,42.455
936,232.39,Barrel,24876,No home garden,5,79.480625
937,152.65,No barrel,4683,No home garden,8,56.4921875
938,224.49,No barrel,22359,No home garden,2,56.695625
939,164.25,No barrel,12169,No home garden,7,65.4434375
940,235,No barrel,15785,No home garden,5,70.7328125
941,165.67,Barrel,10643,No home garden,5,69.5121875
942,248.19,No barrel,20226,No home garden,4,67.8846875
943,220.91,Barrel,27944,No home garden,4,76.225625
944,157,Barrel,8908,No home garden,6,65.0365625
945,215.66,Barrel,27379,Home garden,7,73.3775
946,214.02,No barrel,12906,No home garden,3,83.7528125
947,167.28,Barrel,16896,Home garden,9,74.19125
948,252.15,No barrel,27276,No home garden,5,73.5809375
949,255.53,No barrel,31045,Home garden,6,72.156875
950,214.92,No barrel,10496,No home garden,2,72.7671875
951,200.35,Barrel,22790,No home garden,2,77.039375
952,197.45,Barrel,25327,No home garden,1,63.4090625
953,230.15,No barrel,25363,No home garden,4,53.03375
954,193.38,Barrel,32961,Home garden,6,57.7128125
955,193.15,Barrel,22705,No home garden,2,65.8503125
956,201.29,Barrel,18017,No home garden,8,79.8875
957,211.24,Barrel,22284,No home garden,4,57.3059375
958,192.12,Barrel,21857,Home garden,8,75.81875
959,229.78,No barrel,26491,No home garden,5,62.5953125
960,199.56,No barrel,23302,Home garden,7,50.3890625
961,214.02,No barrel,13099,No home garden,4,70.529375
962,196.07,No barrel,14754,No home garden,6,68.495
963,190.26,Barrel,10967,No home garden,5,76.4290625
964,180.27,Barrel,17775,No home garden,4,71.1396875
965,195.54,Barrel,24110,Home garden,8,76.4290625
966,172.3,No barrel,3360,No home garden,4,43.26875
967,132.72,Barrel,10354,No home garden,8,69.715625
968,197.97,No barrel,19659,No home garden,4,56.4921875
969,228.95,No barrel,22487,No home garden,6,61.985
970,219.8,No barrel,31642,Home garden,6,64.6296875
971,200.37,No barrel,5483,No home garden,7,85.58375
972,182.05,No barrel,4027,No home garden,7,82.735625
973,224.36,No barrel,16348,Home garden,9,71.343125
974,173.1,Barrel,15894,No home garden,4,65.0365625
975,210.4,No barrel,19340,No home garden,6,74.19125
976,212.41,No barrel,13720,No home garden,3,71.343125
977,175.84,No barrel,14670,No home garden,7,56.28875
978,247.44,No barrel,16959,No home garden,2,72.7671875
979,178.74,Barrel,17577,No home garden,6,78.4634375
980,168.36,No barrel,8522,No home garden,6,58.73
981,213.47,No barrel,9612,No home garden,8,83.549375
982,187.27,Barrel,23263,No home garden,5,70.529375
983,190.47,No barrel,16063,No home garden,7,64.833125
984,187.9,No barrel,18987,No home garden,7,50.185625
985,145.53,Barrel,21636,Home garden,9,62.79875
986,185.92,No barrel,18632,No home garden,5,59.54375
987,211.46,No barrel,11631,No home garden,8,72.156875
988,183.18,Barrel,20197,No home garden,6,64.2228125
989,244.77,No barrel,23338,No home garden,6,76.0221875
990,224.93,No barrel,17410,No home garden,3,70.93625
991,183.5,No barrel,9499,No home garden,3,53.03375
992,218.5,No barrel,21726,No home garden,5,63.4090625
993,207.89,Barrel,18365,No home garden,3,82.1253125
994,229.12,No barrel,15905,No home garden,5,72.970625
995,211.59,Barrel,19262,No home garden,4,81.515
996,203.24,No barrel,5754,No home garden,7,61.578125
997,187.83,Barrel,17152,No home garden,4,71.343125
998,232.71,No barrel,32157,No home garden,5,69.9190625
999,183.89,Barrel,20137,No home garden,3,81.515
1000,255.38,No barrel,24143,No home garden,3,80.4978125
1001,247.7,No barrel,17332,No home garden,5,88.2284375
1002,238.39,No barrel,24896,Home garden,7,64.2228125
1003,195.84,No barrel,25760,No home garden,6,64.42625
1004,192.77,No barrel,30962,No home garden,5,41.64125
1005,158.12,Barrel,9252,No home garden,6,76.0221875
1006,213.2,No barrel,3750,No home garden,4,80.70125
1007,253.05,Barrel,25306,No home garden,5,79.07375
1008,234.32,No barrel,31372,No home garden,5,65.0365625
1009,161.6,Barrel,15723,No home garden,3,68.901875
1010,213.04,No barrel,12614,No home garden,6,83.1425
1011,189.39,No barrel,14330,Home garden,9,55.6784375
1012,191.8,Barrel,22121,No home garden,5,72.3603125
1013,278.31,No barrel,29188,Home garden,6,71.9534375
1014,183.72,Barrel,15760,No home garden,6,67.8846875
1015,203.67,Barrel,24025,No home garden,3,72.56375
1016,205.19,Barrel,22898,No home garden,4,80.9046875
1017,204.03,No barrel,14733,No home garden,8,65.646875
1018,274.01,No barrel,33228,No home garden,1,69.5121875
1019,227.75,Barrel,21052,No home garden,5,88.6353125
1020,202.15,Barrel,21863,No home garden,2,73.5809375
1021,210,No barrel,21669,No home garden,6,71.9534375
1022,185.2,No barrel,20772,Home garden,8,52.4234375
1023,195.04,No barrel,15157,No home garden,7,59.136875
1024,142.43,Barrel,13206,Home garden,9,58.1196875
1025,226.44,No barrel,29757,No home garden,6,62.5953125
1026,258.56,No barrel,13091,No home garden,3,67.274375
1027,257.29,Barrel,32477,Home garden,8,93.72125
1028,223.79,No barrel,16371,No home garden,2,64.833125
1029,249.65,No barrel,12828,No home garden,4,76.225625
1030,208.08,No barrel,9805,No home garden,5,79.8875
1031,194.92,Barrel,16952,No home garden,6,83.1425
1032,156.54,Barrel,7986,Home garden,9,59.136875
1033,213.92,No barrel,23136,No home garden,4,61.578125
1034,289.87,No barrel,28484,No home garden,4,89.8559375
1035,206.54,No barrel,17080,No home garden,6,63.6125
1036,234.18,Barrel,19544,No home garden,3,98.196875
1037,221.77,No barrel,27992,Home garden,9,76.4290625
1038,214.94,Barrel,34266,No home garden,4,78.0565625
1039,184.99,Barrel,18854,No home garden,2,68.6984375
1040,259.47,No barrel,29605,No home garden,4,66.2571875
1041,206.06,Barrel,14006,No home garden,4,79.2771875
1042,191,No barrel,12591,No home garden,4,70.7328125
1043,184.78,No barrel,6119,No home garden,5,62.5953125
1044,186,No barrel,13450,No home garden,6,55.6784375
1045,200.94,Barrel,27000,No home garden,3,66.8675
1046,206.38,Barrel,14410,No home garden,5,89.0421875
1047,189.12,Barrel,8131,No home garden,6,87.618125
1048,208.03,No barrel,16159,No home garden,4,52.8303125
1049,201.09,No barrel,16741,No home garden,7,55.6784375
1050,173.58,Barrel,33445,Home garden,7,63.0021875
1051,225.38,Barrel,22834,No home garden,3,85.990625
1052,214.01,Barrel,37069,No home garden,4,58.9334375
1053,154.63,No barrel,7027,No home garden,5,58.1196875
1054,201.55,No barrel,10845,No home garden,5,61.7815625
1055,164.48,Barrel,11207,No home garden,6,76.4290625
1056,225.52,No barrel,21747,No home garden,4,62.391875
1057,281.98,No barrel,35464,No home garden,2,67.68125
1058,189.34,Barrel,27188,Home garden,10,62.79875
1059,190.13,No barrel,10715,No home garden,8,70.3259375
1060,250.17,No barrel,20218,No home garden,5,84.9734375
1061,230.38,No barrel,5469,No home garden,5,85.990625
1062,282.42,No barrel,38515,No home garden,3,73.9878125
1063,191.33,Barrel,19876,No home garden,4,64.6296875
1064,171.01,No barrel,812,No home garden,4,65.0365625
1065,229.47,No barrel,30257,Home garden,7,67.68125
1066,142.96,Barrel,4280,No home garden,5,66.6640625
1067,282.57,No barrel,33649,Home garden,5,85.7871875
1068,213.4,No barrel,16589,No home garden,3,68.901875
1069,192.65,Barrel,23615,Home garden,9,83.549375
1070,191.92,No barrel,18831,Home garden,8,64.42625
1071,201.44,Barrel,25388,No home garden,6,77.2428125
1072,238.23,No barrel,14172,No home garden,2,75.81875
1073,225.12,No barrel,18390,No home garden,8,68.901875
1074,242.85,No barrel,23242,No home garden,5,56.28875
1075,238.93,No barrel,11722,No home garden,5,82.735625
1076,247.68,No barrel,29263,Home garden,6,71.5465625
1077,202.81,No barrel,16039,No home garden,5,61.985
1078,232.76,Barrel,36844,Home garden,8,75.81875
1079,168.96,No barrel,1490,No home garden,7,69.30875
1080,270.26,No barrel,38897,Home garden,8,60.3575
1081,190.58,Barrel,28530,No home garden,6,72.7671875
1082,201.21,Barrel,32333,No home garden,4,65.4434375
1083,159.5,Barrel,20838,No home garden,5,68.2915625
1084,221.74,No barrel,22235,No home garden,5,74.3946875
1085,249.21,No barrel,28199,No home garden,1,61.17125
1086,202.15,No barrel,1852,No home garden,5,81.3115625
1087,168.22,Barrel,17425,Home garden,9,81.921875
1088,247.6,No barrel,25560,No home garden,5,74.19125
1089,192.87,Barrel,14659,No home garden,7,87.618125
1090,194.86,No barrel,17000,No home garden,6,65.0365625
1091,260.18,No barrel,35508,No home garden,3,73.1740625
1092,252.62,No barrel,26432,No home garden,4,58.73
1093,188.49,No barrel,7226,No home garden,9,69.5121875
1094,195.07,Barrel,19081,No home garden,6,88.6353125
1095,208.19,Barrel,30303,Home garden,8,83.549375
1096,205.41,No barrel,6462,No home garden,5,76.6325
1097,221.4,Barrel,33116,Home garden,6,71.1396875
1098,133.03,Barrel,6787,No home garden,7,66.2571875
1099,208.32,No barrel,17606,No home garden,6,82.1253125
1100,224.43,No barrel,20912,No home garden,5,76.225625
1101,192.35,No barrel,9554,No home garden,6,67.68125
1102,228.45,No barrel,20415,No home garden,7,68.088125
1103,229.51,No barrel,25247,No home garden,4,70.529375
1104,256.46,No barrel,18342,No home garden,2,78.666875
1105,138.86,Barrel,6949,No home garden,8,80.294375
1106,177.71,No barrel,20364,Home garden,8,48.558125
1107,230.6,No barrel,25972,No home garden,6,74.8015625
1108,184.08,Barrel,17894,No home garden,6,80.294375
1109,164.85,Barrel,19135,No home garden,6,78.0565625
1110,167.78,Barrel,17104,No home garden,6,81.108125
1111,190.2,Barrel,17532,No home garden,5,70.7328125
1112,196.96,No barrel,5793,No home garden,5,72.156875
1113,176.95,Barrel,15662,No home garden,6,81.921875
1114,247.97,No barrel,26488,No home garden,4,81.3115625
1115,222.52,No barrel,18915,No home garden,5,73.1740625
1116,171.78,Barrel,18223,Home garden,10,63.205625
1117,233.51,Barrel,35356,No home garden,4,68.901875
1118,217.5,No barrel,16862,No home garden,2,67.8846875
1119,198.36,No barrel,12841,No home garden,6,45.71
1120,179.43,No barrel,14134,No home garden,8,64.2228125
1121,259.39,No barrel,17161,No home garden,2,73.784375
1122,142.86,Barrel,6681,No home garden,6,67.4778125
1123,223.5,No barrel,17329,No home garden,6,68.088125
1124,215.83,Barrel,23344,No home garden,5,73.3775
1125,205.54,No barrel,10890,No home garden,7,77.2428125
1126,182.71,Barrel,9176,No home garden,5,85.990625
1127,207.19,No barrel,21292,No home garden,4,53.8475
1128,200.43,No barrel,11011,No home garden,9,57.7128125
1129,299.66,No barrel,36433,No home garden,3,87.0078125
1130,240.34,Barrel,36823,Home garden,9,78.8703125
1131,140.73,Barrel,7203,No home garden,6,65.8503125
1132,222.54,Barrel,23342,No home garden,3,76.225625
1133,208.41,No barrel,18494,No home garden,6,71.9534375
1134,194.16,No barrel,23099,Home garden,10,66.05375
1135,181.65,No barrel,26037,Home garden,10,56.0853125
1136,198.05,No barrel,12385,No home garden,3,70.3259375
1137,193.87,Barrel,27213,Home garden,6,56.0853125
1138,271.18,Barrel,30495,No home garden,3,93.72125
1139,224.09,No barrel,15881,No home garden,6,72.7671875
1140,127.26,Barrel,7853,No home garden,6,68.901875
1141,190.49,No barrel,15889,No home garden,8,64.2228125
1142,208.47,No barrel,17855,No home garden,4,65.646875
1143,195.23,Barrel,27079,Home garden,9,70.1225
1144,264.22,No barrel,31899,Home garden,8,81.7184375
1145,282.15,No barrel,35073,Home garden,6,67.68125
1146,207.68,No barrel,13255,No home garden,5,68.901875
1147,239.91,No barrel,26485,No home garden,4,54.254375
1148,209.97,No barrel,26003,Home garden,6,47.3375
1149,268.55,No barrel,30258,Home garden,6,71.343125
1150,203.51,Barrel,16949,No home garden,7,85.3803125
1151,194.85,No barrel,9033,No home garden,5,55.6784375
1152,189.47,Barrel,31747,Home garden,6,82.1253125
1153,214.85,Barrel,25924,No home garden,6,86.6009375
1154,243.61,Barrel,37492,Home garden,5,82.32875
1155,198.8,No barrel,7541,No home garden,4,59.7471875
1156,202.94,No barrel,27232,Home garden,7,50.7959375
1157,236.01,No barrel,29722,Home garden,9,67.274375
1158,260.95,No barrel,26075,No home garden,2,63.4090625
1159,239.17,No barrel,14384,No home garden,4,78.8703125
1160,241.96,Barrel,29123,No home garden,4,95.5521875
1161,233.16,No barrel,28459,Home garden,10,65.0365625
1162,189.1,Barrel,22834,No home garden,5,70.1225
1163,255.35,No barrel,33570,Home garden,6,74.598125
1164,215.98,No barrel,22424,No home garden,4,54.8646875
1165,201.79,Barrel,21779,No home garden,2,82.32875
1166,203.76,Barrel,21376,No home garden,4,59.7471875
1167,264.42,No barrel,32310,Home garden,5,70.93625
1168,213.35,No barrel,15678,No home garden,4,79.2771875
1169,220.01,No barrel,14919,No home garden,3,65.8503125
1170,205.04,Barrel,24458,Home garden,9,71.5465625
1171,234.22,No barrel,28436,No home garden,4,60.1540625
1172,208.5,No barrel,16990,No home garden,5,65.4434375
1173,249.38,No barrel,19676,No home garden,2,80.0909375
1174,183.69,Barrel,25296,Home garden,9,82.5321875
1175,264.78,No barrel,37279,Home garden,9,82.5321875
1176,185.82,Barrel,20088,No home garden,7,52.0165625
1177,221.92,Barrel,35177,Home garden,6,75.2084375
1178,181.95,Barrel,13960,No home garden,6,83.549375
1179,253.64,No barrel,30159,Home garden,6,63.8159375
1180,221.99,No barrel,24874,No home garden,6,66.05375
1181,257.1,No barrel,20654,No home garden,2,77.853125
1182,229.27,Barrel,31502,Home garden,7,87.0078125
1183,229.71,Barrel,39137,Home garden,5,71.9534375
1184,275.45,No barrel,25517,No home garden,4,90.6696875
1185,274.7,Barrel,36472,No home garden,3,93.1109375
1186,246.32,No barrel,36220,No home garden,3,49.1684375
1187,220.97,Barrel,28104,No home garden,4,64.019375
1188,232.23,No barrel,29173,Home garden,7,74.8015625
1189,226.82,No barrel,25607,No home garden,5,72.156875
1190,185.56,Barrel,18508,Home garden,9,88.2284375
1191,200.29,No barrel,17968,No home garden,5,75.411875
1192,190.39,No barrel,20285,No home garden,2,54.66125
1193,218.75,Barrel,26344,No home garden,6,77.039375
1194,255.96,No barrel,31885,Home garden,7,74.19125
1195,216.08,Barrel,29816,No home garden,5,75.005
1196,234.08,No barrel,22185,No home garden,4,70.7328125
1197,224.64,No barrel,14517,No home garden,2,73.5809375
1198,234.21,Barrel,36876,Home garden,5,87.4146875
1199,258.38,No barrel,31655,No home garden,4,65.8503125
1200,248.5,No barrel,13989,No home garden,5,78.26
1201,221.24,No barrel,22183,No home garden,6,60.1540625
1202,252.95,No barrel,17451,No home garden,6,71.1396875
1203,222.28,No barrel,23782,No home garden,2,65.0365625
1204,185.68,No barrel,2969,No home garden,5,73.784375
1205,249.85,No barrel,24186,No home garden,3,78.0565625
1206,202.03,Barrel,21118,No home garden,6,61.578125
1207,211.35,No barrel,20995,No home garden,5,51.40625
1208,244.11,No barrel,25062,Home garden,8,82.32875
1209,227.8,No barrel,16219,No home garden,4,60.764375
1210,180.67,No barrel,19122,Home garden,8,52.22
1211,169.63,No barrel,16677,Home garden,9,66.05375
1212,253.36,No barrel,23348,No home garden,4,80.294375
1213,180.24,Barrel,6868,No home garden,3,83.95625
1214,195.72,Barrel,11485,No home garden,3,86.804375
1215,178.1,Barrel,25572,Home garden,6,60.3575
1216,229.36,Barrel,28748,No home garden,4,72.156875
1217,208.4,No barrel,14181,No home garden,5,71.9534375
1218,194.93,No barrel,9817,No home garden,3,59.950625
1219,160.82,Barrel,14859,No home garden,6,61.578125
1220,195.92,No barrel,10522,No home garden,4,72.970625
1221,211.45,No barrel,16007,No home garden,3,73.784375
1222,178.36,Barrel,24923,Home garden,8,68.2915625
1223,255.21,No barrel,19859,No home garden,2,73.784375
1224,210.88,No barrel,9177,No home garden,2,77.039375
1225,199.99,No barrel,11933,No home garden,4,87.21125
1226,231.93,No barrel,25745,No home garden,2,70.93625
1227,225.27,No barrel,22408,No home garden,7,72.56375
1228,217.3,No barrel,18781,No home garden,5,78.8703125
1229,270.4,No barrel,35488,No home garden,5,66.6640625
1230,198.83,Barrel,22899,No home garden,6,69.9190625
1231,230.57,No barrel,15576,No home garden,3,67.8846875
1232,198.18,No barrel,19180,No home garden,7,65.8503125
1233,210.29,Barrel,26335,No home garden,3,76.6325
1234,158.35,Barrel,9336,No home garden,4,75.005
1235,261.36,No barrel,35610,No home garden,1,57.509375
1236,251.97,Barrel,29783,No home garden,5,72.7671875
1237,208.3,No barrel,13387,No home garden,4,65.4434375
1238,247.53,No barrel,22504,No home garden,3,77.2428125
1239,218.15,Barrel,37900,Home garden,6,74.598125
1240,236.39,No barrel,23959,No home garden,4,72.156875
1241,271.18,No barrel,22785,No home garden,3,88.2284375
